volume_name,yontem,girdi_sekli,spacing_mm,orientation,ornek_sekli,sekil_hata,geri_korelasyon,grid,n_crops,bos_kirpim_orani,hacim_std,k1_gecti,k1_nedenler,bos_uyari,sure_sn,cihaz,cos_v4
valid_130_a_1.nii.gz,meta,"[1024, 1024, 263]","[0.3887, 0.3887, 1.5]",RAS,"[796, 796, 394]",0.0013,0.997,"[6, 6, 6]",216,0.125,0.2192,True,,False,35.6,cuda:0,0.6167730689048767
valid_1186_a_1.nii.gz,meta,"[512, 512, 231]","[0.6836, 0.6836, 1.5]",RAS,"[700, 700, 346]",0.0014,0.9997,"[5, 5, 5]",125,0.024,0.2325,True,,False,27.8,cuda:0,0.5742584466934204
valid_63_a_2.nii.gz,meta,"[512, 512, 451]","[0.793, 0.793, 0.75]",RAS,"[811, 811, 338]",0.0012,0.9987,"[6, 6, 5]",180,0.0667,0.2361,True,,False,30.8,cuda:0,0.9536733031272888
valid_230_a_2.nii.gz,meta,"[512, 512, 354]","[0.6583, 0.6583, 1.0]",RAS,"[674, 674, 354]",0.0001,0.9887,"[5, 5, 5]",125,0.0,0.2454,True,,False,18.4,cuda:0,0.8040448427200317
valid_405_a_1.nii.gz,meta,"[768, 768, 221]","[0.4193, 0.4193, 1.5]",RAS,"[644, 644, 331]",0.0015,0.998,"[5, 5, 5]",125,0.048,0.2425,True,,False,27.4,cuda:0,0.41720008850097656
valid_530_a_2.nii.gz,meta,"[1024, 1024, 117]","[0.3418, 0.3418, 3.0]",RAS,"[700, 700, 349]",0.0057,0.9972,"[5, 5, 5]",125,0.04,0.2395,True,,False,27.6,cuda:0,0.2973960340023041
valid_667_a_1.nii.gz,meta,"[1024, 1024, 183]","[0.3418, 0.3418, 1.5]",RAS,"[700, 700, 274]",0.0018,0.9943,"[5, 5, 4]",100,0.0,0.2342,True,,False,21.8,cuda:0,0.15006369352340698
valid_712_a_2.nii.gz,meta,"[512, 512, 204]","[0.8184, 0.8184, 1.5]",RAS,"[837, 837, 306]",0.0012,0.9982,"[6, 6, 4]",144,0.1944,0.2175,True,,False,26.3,cuda:0,0.9175468683242798
valid_627_a_1.nii.gz,meta,"[1024, 1024, 219]","[0.3418, 0.3418, 1.5]",RAS,"[700, 700, 328]",0.0015,0.9946,"[5, 5, 5]",125,0.0,0.2315,True,,False,30.5,cuda:0,0.2652071416378021
valid_314_a_1.nii.gz,meta,"[1024, 1024, 248]","[0.3701, 0.3701, 1.5]",RAS,"[758, 758, 372]",0.0,0.9908,"[5, 5, 5]",125,0.0,0.2328,True,,False,32.2,cuda:0,0.3904799520969391
valid_1110_a_2.nii.gz,meta,"[512, 512, 473]","[0.625, 0.625, 0.75]",RAS,"[640, 640, 355]",0.0007,0.9996,"[5, 5, 5]",125,0.008,0.235,True,,False,27.7,cuda:0,0.6388117074966431
valid_1179_a_2.nii.gz,meta,"[1024, 1024, 100]","[0.3418, 0.3418, 3.0]",RAS,"[700, 700, 298]",0.0067,0.9976,"[5, 5, 4]",100,0.07,0.2418,True,,False,28.7,cuda:0,0.24874310195446014
valid_983_a_1.nii.gz,meta,"[1024, 1024, 232]","[0.3896, 0.3896, 1.5]",RAS,"[798, 798, 348]",0.0,0.9965,"[6, 6, 5]",180,0.0444,0.2394,True,,False,27.1,cuda:0,0.4719051718711853
valid_29_a_1.nii.gz,meta,"[1024, 1024, 230]","[0.3418, 0.3418, 1.5]",RAS,"[700, 700, 344]",0.0029,0.996,"[5, 5, 5]",125,0.04,0.2311,True,,False,29.0,cuda:0,0.370930939912796
valid_382_c_2.nii.gz,meta,"[512, 512, 234]","[0.7676, 0.7676, 1.25]",RAS,"[785, 785, 292]",0.0017,0.9964,"[6, 6, 4]",144,0.1042,0.2369,True,,False,19.5,cuda:0,0.9241719245910645
valid_202_a_1.nii.gz,meta,"[1024, 1024, 242]","[0.3779, 0.3779, 1.5]",RAS,"[774, 774, 362]",0.0028,0.9939,"[6, 6, 5]",180,0.0278,0.2433,True,,False,34.9,cuda:0,0.5358396172523499
valid_731_a_2.nii.gz,meta,"[512, 512, 262]","[0.707, 0.707, 1.25]",RAS,"[724, 724, 327]",0.0015,0.9989,"[5, 5, 5]",125,0.088,0.2438,True,,False,16.6,cuda:0,0.7479091882705688
valid_553_a_1.nii.gz,meta,"[512, 512, 250]","[0.6836, 0.6836, 1.5]",RAS,"[700, 700, 374]",0.0027,0.9989,"[5, 5, 5]",125,0.2,0.2391,True,,False,14.3,cuda:0,0.33143216371536255
valid_464_a_2.nii.gz,meta,"[512, 512, 509]","[0.7441, 0.7441, 0.75]",RAS,"[762, 762, 382]",0.0007,0.9994,"[5, 5, 5]",125,0.0,0.2419,True,,False,20.0,cuda:0,0.7100151181221008
valid_1222_a_1.nii.gz,meta,"[1024, 1024, 249]","[0.3936, 0.3936, 1.5]",RAS,"[806, 806, 373]",0.0013,0.9959,"[6, 6, 5]",180,0.0222,0.2423,True,,False,33.9,cuda:0,0.2636497914791107
valid_1115_a_1.nii.gz,meta,"[768, 768, 221]","[0.4674, 0.4674, 1.5]",RAS,"[718, 718, 331]",0.0015,0.9963,"[5, 5, 5]",125,0.016,0.2382,True,,False,19.6,cuda:0,0.40725672245025635
valid_600_a_2.nii.gz,meta,"[512, 512, 447]","[0.8262, 0.8262, 0.75]",RAS,"[845, 845, 336]",0.0022,0.9984,"[6, 6, 5]",180,0.0944,0.227,True,,False,29.2,cuda:0,0.9229304194450378
valid_328_a_2.nii.gz,meta,"[512, 512, 316]","[0.7423, 0.7423, 1.0]",RAS,"[760, 760, 316]",0.0002,0.9948,"[5, 5, 4]",100,0.0,0.2444,True,,False,13.0,cuda:0,0.6686761975288391
valid_1296_a_1.nii.gz,meta,"[1024, 1024, 236]","[0.4326, 0.4326, 1.5]",RAS,"[886, 886, 354]",0.0,0.9948,"[6, 6, 5]",180,0.0167,0.2327,True,,False,41.0,cuda:0,0.20129483938217163
valid_507_a_1.nii.gz,meta,"[1024, 1024, 227]","[0.4463, 0.4463, 1.5]",RAS,"[914, 914, 340]",0.0015,0.9936,"[7, 7, 5]",245,0.0367,0.2351,True,,False,49.2,cuda:0,0.5731781721115112
valid_118_a_2.nii.gz,meta,"[512, 512, 262]","[0.7423, 0.7423, 1.25]",RAS,"[760, 760, 327]",0.0015,0.9992,"[5, 5, 5]",125,0.056,0.2299,True,,False,14.0,cuda:0,0.836846649646759
valid_394_a_1.nii.gz,meta,"[512, 512, 307]","[0.7986, 0.7986, 1.0]",RAS,"[817, 817, 307]",0.001,0.9986,"[6, 6, 4]",144,0.1806,0.2356,True,,False,20.5,cuda:0,0.7881177663803101
valid_575_a_1.nii.gz,meta,"[512, 512, 222]","[0.7461, 0.7461, 1.5]",RAS,"[764, 764, 332]",0.003,0.9993,"[5, 5, 5]",125,0.16,0.228,True,,False,13.3,cuda:0,0.1377825140953064
valid_672_a_2.nii.gz,meta,"[512, 512, 454]","[0.7559, 0.7559, 0.75]",RAS,"[773, 773, 341]",0.0015,0.9968,"[6, 6, 5]",180,0.2333,0.2324,True,,False,22.5,cuda:0,0.9313563704490662
valid_1167_a_1.nii.gz,meta,"[512, 512, 355]","[0.6766, 0.6766, 1.0]",RAS,"[693, 693, 355]",0.0002,0.999,"[5, 5, 5]",125,0.096,0.2418,True,,False,20.5,cuda:0,0.9577165842056274
valid_1266_a_2.nii.gz,meta,"[512, 512, 151]","[0.7227, 0.7227, 1.5]",RAS,"[740, 740, 226]",0.0022,0.9989,"[5, 5, 3]",75,0.1067,0.2422,True,,False,14.0,cuda:0,0.9056603312492371
valid_81_a_1.nii.gz,meta,"[1024, 1024, 255]","[0.3418, 0.3418, 1.5]",RAS,"[700, 700, 382]",0.0013,0.9967,"[5, 5, 5]",125,0.144,0.2303,True,,False,23.9,cuda:0,0.31341105699539185
valid_88_a_1.nii.gz,meta,"[512, 512, 291]","[0.6348, 0.6348, 1.0]",RAS,"[650, 650, 291]",0.0,0.9996,"[5, 5, 4]",100,0.04,0.2408,True,,False,16.4,cuda:0,0.6923509240150452
valid_994_a_4.nii.gz,meta,"[512, 512, 170]","[0.4941, 0.4941, 1.0]",RAS,"[506, 506, 170]",0.0,0.9978,"[3, 3, 2]",18,0.0,0.2891,True,,False,4.1,cuda:0,0.6541503667831421
valid_1041_a_2.nii.gz,meta,"[512, 512, 429]","[0.8086, 0.8086, 0.75]",RAS,"[827, 827, 322]",0.0012,0.9982,"[6, 6, 5]",180,0.1944,0.2375,True,,False,23.3,cuda:0,0.9690295457839966
valid_926_a_2.nii.gz,meta,"[512, 512, 485]","[0.668, 0.668, 0.75]",RAS,"[684, 684, 364]",0.0007,0.9997,"[5, 5, 5]",125,0.056,0.2376,True,,False,22.6,cuda:0,0.8524019122123718
valid_446_b_2.nii.gz,meta,"[512, 512, 301]","[0.6719, 0.6719, 1.0]",RAS,"[688, 688, 301]",0.0,0.9949,"[5, 5, 4]",100,0.0,0.2425,True,,False,16.3,cuda:0,0.8825079202651978
valid_199_a_1.nii.gz,meta,"[512, 512, 231]","[0.6934, 0.6934, 1.5]",RAS,"[710, 710, 346]",0.0014,0.9996,"[5, 5, 5]",125,0.032,0.2383,True,,False,21.0,cuda:0,0.6125226616859436
valid_1046_a_1.nii.gz,meta,"[512, 512, 234]","[0.782, 0.782, 1.25]",RAS,"[800, 800, 292]",0.0017,0.9881,"[6, 6, 4]",144,0.125,0.2457,True,,False,18.9,cuda:0,0.813774049282074
valid_463_a_1.nii.gz,meta,"[1024, 1024, 260]","[0.3936, 0.3936, 1.5]",RAS,"[806, 806, 390]",0.0,0.9951,"[6, 6, 6]",216,0.0324,0.2421,True,,False,45.4,cuda:0,0.4996257722377777
valid_792_a_2.nii.gz,meta,"[512, 512, 502]","[0.8203, 0.8203, 0.75]",RAS,"[839, 839, 377]",0.0013,0.9986,"[6, 6, 5]",180,0.1722,0.2265,True,,False,27.4,cuda:0,0.8462268710136414
valid_147_a_2.nii.gz,meta,"[512, 512, 244]","[0.6877, 0.6877, 1.25]",RAS,"[704, 704, 305]",0.0003,0.9993,"[5, 5, 4]",100,0.07,0.2396,True,,False,14.9,cuda:0,0.6515836119651794
valid_1019_b_1.nii.gz,meta,"[1024, 1024, 255]","[0.3418, 0.3418, 1.5]",RAS,"[700, 700, 382]",0.0013,0.9976,"[5, 5, 5]",125,0.064,0.2364,True,,False,21.1,cuda:0,0.3982571065425873
valid_517_a_1.nii.gz,meta,"[512, 512, 383]","[0.7109, 0.7109, 1.0]",RAS,"[728, 728, 383]",0.0,0.9992,"[5, 5, 5]",125,0.192,0.2425,True,,False,16.3,cuda:0,0.8992247581481934
valid_288_a_1.nii.gz,meta,"[512, 512, 205]","[0.6836, 0.6836, 1.5]",RAS,"[700, 700, 307]",0.0016,0.9995,"[5, 5, 4]",100,0.0,0.2179,True,,False,13.4,cuda:0,0.8325098752975464
valid_24_a_1.nii.gz,meta,"[1024, 1024, 255]","[0.3936, 0.3936, 1.5]",RAS,"[806, 806, 382]",0.0013,0.9931,"[6, 6, 5]",180,0.0,0.2353,True,,False,44.1,cuda:0,0.4949503242969513
valid_904_a_1.nii.gz,meta,"[1024, 1024, 246]","[0.374, 0.374, 1.5]",RAS,"[766, 766, 368]",0.0027,0.9956,"[5, 5, 5]",125,0.024,0.2414,True,,False,27.2,cuda:0,0.5053572058677673
valid_357_e_2.nii.gz,meta,"[512, 512, 509]","[0.8789, 0.8789, 0.75]",RAS,"[899, 899, 382]",0.0011,0.9993,"[7, 7, 5]",245,0.2816,0.2305,True,,False,35.9,cuda:0,0.9575381875038147
valid_20_b_2.nii.gz,meta,"[512, 512, 444]","[0.9766, 0.9766, 0.75]",RAS,"[999, 999, 333]",0.001,0.999,"[7, 7, 5]",245,0.2245,0.2164,True,,False,33.0,cuda:0,0.8400256037712097
valid_345_a_1.nii.gz,meta,"[1024, 1024, 241]","[0.3887, 0.3887, 1.5]",RAS,"[796, 796, 361]",0.0014,0.9962,"[6, 6, 5]",180,0.05,0.2336,True,,False,29.5,cuda:0,0.42204397916793823
valid_1007_a_1.nii.gz,meta,"[512, 512, 257]","[0.7082, 0.7082, 1.25]",RAS,"[725, 725, 321]",0.0008,0.9952,"[5, 5, 5]",125,0.024,0.2428,True,,False,12.8,cuda:0,0.7258626222610474
valid_357_d_1.nii.gz,meta,"[1024, 1024, 288]","[0.4033, 0.4033, 1.5]",RAS,"[826, 826, 432]",0.0,0.9954,"[6, 6, 6]",216,0.0093,0.2382,True,,False,41.0,cuda:0,0.34686601161956787
valid_836_a_2.nii.gz,meta,"[512, 512, 313]","[0.6962, 0.6962, 1.0]",RAS,"[713, 713, 313]",0.0001,0.9932,"[5, 5, 4]",100,0.0,0.2388,True,,False,15.9,cuda:0,0.9462839961051941
valid_552_a_1.nii.gz,meta,"[1024, 1024, 222]","[0.3223, 0.3223, 1.5]",RAS,"[660, 660, 332]",0.003,0.9958,"[5, 5, 5]",125,0.032,0.2343,True,,False,18.8,cuda:0,0.23094357550144196
valid_1243_b_2.nii.gz,meta,"[512, 512, 286]","[0.8262, 0.8262, 1.25]",RAS,"[845, 845, 357]",0.0014,0.9976,"[6, 6, 5]",180,0.1111,0.2342,True,,False,31.6,cuda:0,0.9609329104423523
valid_86_a_1.nii.gz,meta,"[1024, 1024, 181]","[0.3398, 0.3398, 1.5]",RAS,"[696, 696, 271]",0.0018,0.9965,"[5, 5, 4]",100,0.14,0.2185,True,,False,20.0,cuda:0,0.42808663845062256
valid_109_a_2.nii.gz,meta,"[512, 512, 140]","[0.7246, 0.7246, 1.5]",RAS,"[742, 742, 210]",0.0,0.9996,"[5, 5, 3]",75,0.4267,0.2118,True,,False,12.3,cuda:0,0.9696953892707825
valid_1192_b_2.nii.gz,meta,"[512, 512, 238]","[0.8382, 0.8382, 1.0]",RAS,"[858, 858, 238]",0.0004,0.9977,"[6, 6, 3]",108,0.2222,0.2302,True,,False,16.1,cuda:0,0.9716951847076416
valid_574_a_1.nii.gz,meta,"[768, 768, 222]","[0.4336, 0.4336, 1.501]",RAS,"[666, 666, 333]",0.0007,0.9982,"[5, 5, 5]",125,0.056,0.2406,True,,False,18.0,cuda:0,0.5552718043327332
valid_726_a_2.nii.gz,meta,"[512, 512, 125]","[0.4883, 0.4883, 1.5]",RAS,"[500, 500, 187]",0.0027,0.9992,"[3, 3, 2]",18,0.0,0.2617,True,,False,5.3,cuda:0,0.5531448721885681
valid_483_a_2.nii.gz,meta,"[512, 512, 525]","[0.6836, 0.6836, 0.75]",RAS,"[700, 700, 394]",0.0006,0.9996,"[5, 5, 6]",150,0.22,0.2218,True,,False,26.8,cuda:0,0.8867446184158325
valid_1230_a_2.nii.gz,meta,"[512, 512, 412]","[0.6328, 0.6328, 0.75]",RAS,"[648, 648, 309]",0.0,0.9997,"[5, 5, 4]",100,0.06,0.2299,True,,False,15.0,cuda:0,0.7503948211669922
valid_457_c_2.nii.gz,meta,"[512, 512, 231]","[0.694, 0.694, 1.25]",RAS,"[710, 710, 288]",0.0026,0.9975,"[5, 5, 4]",100,0.02,0.2366,True,,False,10.8,cuda:0,0.9340002536773682
valid_537_b_1.nii.gz,meta,"[512, 512, 236]","[0.6348, 0.6348, 1.5]",RAS,"[650, 650, 354]",0.0,0.9994,"[5, 5, 5]",125,0.056,0.2387,True,,False,13.7,cuda:0,0.6400472521781921
valid_50_a_1.nii.gz,meta,"[1024, 1024, 268]","[0.4092, 0.4092, 1.5]",RAS,"[838, 838, 402]",0.0,0.9939,"[6, 6, 6]",216,0.0093,0.2398,True,,False,34.1,cuda:0,0.4849216639995575
valid_1170_b_1.nii.gz,meta,"[1024, 1024, 214]","[0.4883, 0.4883, 1.5]",RAS,"[1000, 1000, 320]",0.0031,0.9901,"[7, 7, 5]",245,0.1796,0.1913,True,,False,40.8,cuda:0,0.654036819934845
valid_181_a_2.nii.gz,meta,"[512, 512, 471]","[0.6836, 0.6836, 0.75]",RAS,"[700, 700, 354]",0.0021,0.999,"[5, 5, 5]",125,0.0,0.2338,True,,False,20.6,cuda:0,0.5452414155006409
valid_1025_b_1.nii.gz,meta,"[512, 512, 375]","[0.7425, 0.7425, 1.0]",RAS,"[760, 760, 375]",0.0004,0.9995,"[5, 5, 5]",125,0.088,0.2447,True,,False,18.9,cuda:0,0.8855400681495667
valid_1235_a_2.nii.gz,meta,"[512, 512, 509]","[0.6836, 0.6836, 0.75]",RAS,"[700, 700, 382]",0.0007,0.9995,"[5, 5, 5]",125,0.088,0.232,True,,False,15.2,cuda:0,0.5413066744804382
valid_713_b_2.nii.gz,meta,"[512, 512, 448]","[0.75, 0.75, 0.75]",RAS,"[768, 768, 336]",0.0,0.9994,"[6, 6, 5]",180,0.2056,0.2386,True,,False,33.2,cuda:0,0.6943825483322144
valid_850_a_1.nii.gz,meta,"[1024, 1024, 244]","[0.3867, 0.3867, 1.5]",RAS,"[792, 792, 366]",0.0,0.9965,"[6, 6, 5]",180,0.0611,0.2313,True,,False,25.4,cuda:0,0.6414068937301636
valid_1232_a_1.nii.gz,meta,"[512, 512, 214]","[0.6836, 0.6836, 1.5]",RAS,"[700, 700, 320]",0.0031,0.9987,"[5, 5, 5]",125,0.0,0.2344,True,,False,12.1,cuda:0,0.4542125165462494
valid_243_a_1.nii.gz,meta,"[1024, 1024, 247]","[0.3574, 0.3574, 1.5]",RAS,"[732, 732, 370]",0.0013,0.9925,"[5, 5, 5]",125,0.0,0.2416,True,,False,25.7,cuda:0,0.3148692846298218
valid_236_a_1.nii.gz,meta,"[1024, 1024, 262]","[0.3799, 0.3799, 1.5]",RAS,"[778, 778, 392]",0.0025,0.9953,"[6, 6, 6]",216,0.0972,0.2343,True,,False,35.3,cuda:0,0.17146655917167664
valid_669_a_2.nii.gz,meta,"[512, 512, 431]","[0.6387, 0.6387, 0.75]",RAS,"[654, 654, 324]",0.0023,0.9991,"[5, 5, 5]",125,0.2,0.2393,True,,False,22.2,cuda:0,0.6678297519683838
valid_217_a_2.nii.gz,meta,"[512, 512, 515]","[0.748, 0.748, 0.75]",RAS,"[766, 766, 386]",0.0006,0.9992,"[5, 5, 6]",150,0.0333,0.2426,True,,False,24.1,cuda:0,0.7555505633354187
valid_932_a_2.nii.gz,meta,"[512, 512, 170]","[0.6719, 0.6719, 2.0]",RAS,"[688, 688, 339]",0.0029,0.9994,"[5, 5, 5]",125,0.04,0.2448,True,,False,21.5,cuda:0,0.6866846680641174
valid_126_a_1.nii.gz,meta,"[512, 512, 246]","[0.6713, 0.6713, 1.25]",RAS,"[687, 687, 307]",0.0016,0.9926,"[5, 5, 4]",100,0.07,0.2509,True,,False,12.0,cuda:0,0.8051257133483887
valid_1184_b_2.nii.gz,meta,"[512, 512, 469]","[0.7129, 0.7129, 0.75]",RAS,"[730, 730, 352]",0.0007,0.9997,"[5, 5, 5]",125,0.12,0.2406,True,,False,25.7,cuda:0,0.7588239908218384
valid_588_a_2.nii.gz,meta,"[512, 512, 509]","[0.7109, 0.7109, 0.75]",RAS,"[728, 728, 382]",0.0007,0.9996,"[5, 5, 5]",125,0.016,0.2422,True,,False,23.6,cuda:0,0.5094509124755859
valid_89_a_1.nii.gz,meta,"[1024, 1024, 222]","[0.4004, 0.4004, 1.5]",RAS,"[820, 820, 332]",0.003,0.9757,"[6, 6, 5]",180,0.0,0.2338,True,,False,32.4,cuda:0,0.2758408784866333
valid_277_d_1.nii.gz,meta,"[512, 512, 264]","[0.8069, 0.8069, 1.25]",RAS,"[826, 826, 330]",0.0004,0.994,"[6, 6, 5]",180,0.0722,0.2472,True,,False,32.7,cuda:0,0.9655920267105103
valid_512_a_1.nii.gz,meta,"[1024, 1024, 234]","[0.4297, 0.4297, 1.5]",RAS,"[880, 880, 350]",0.0028,0.9933,"[6, 6, 5]",180,0.0056,0.2379,True,,False,35.3,cuda:0,0.4550289511680603
valid_831_a_1.nii.gz,meta,"[512, 512, 367]","[0.6416, 0.6416, 1.0]",RAS,"[657, 657, 367]",0.0001,0.9993,"[5, 5, 5]",125,0.136,0.2347,True,,False,19.6,cuda:0,0.6304244995117188
valid_210_b_1.nii.gz,meta,"[768, 768, 239]","[0.526, 0.526, 1.5]",RAS,"[808, 808, 358]",0.0014,0.9983,"[6, 6, 5]",180,0.1,0.2352,True,,False,30.2,cuda:0,0.6662275195121765
valid_1183_a_1.nii.gz,meta,"[768, 768, 228]","[0.4792, 0.4792, 1.5]",RAS,"[736, 736, 342]",0.0,0.9958,"[5, 5, 5]",125,0.0,0.2246,True,,False,17.7,cuda:0,0.6423524618148804
valid_24_a_2.nii.gz,meta,"[512, 512, 509]","[0.7871, 0.7871, 0.75]",RAS,"[805, 805, 382]",0.0012,0.9988,"[6, 6, 5]",180,0.0944,0.2353,True,,False,26.4,cuda:0,0.8826070427894592
valid_64_a_3.nii.gz,meta,"[512, 512, 950]","[0.666, 0.666, 0.751]",RAS,"[682, 682, 714]",0.0008,0.9992,"[5, 5, 11]",275,0.0145,0.232,True,,False,44.7,cuda:0,0.9522011876106262
valid_1069_b_1.nii.gz,meta,"[512, 512, 277]","[0.6877, 0.6877, 1.0]",RAS,"[704, 704, 277]",0.0003,0.9997,"[5, 5, 4]",100,0.0,0.2314,True,,False,11.6,cuda:0,0.8390932679176331
valid_536_b_2.nii.gz,meta,"[1024, 1024, 111]","[0.3525, 0.3525, 3.0]",RAS,"[722, 722, 331]",0.006,0.9959,"[5, 5, 5]",125,0.024,0.2446,True,,False,16.3,cuda:0,0.1115623489022255
valid_989_a_2.nii.gz,meta,"[512, 512, 315]","[0.5895, 0.5895, 1.0]",RAS,"[603, 603, 315]",0.001,0.9915,"[4, 4, 4]",64,0.0,0.2506,True,,False,12.1,cuda:0,0.532716691493988
valid_195_a_1.nii.gz,meta,"[1024, 1024, 240]","[0.3418, 0.3418, 1.5]",RAS,"[700, 700, 360]",0.0,0.995,"[5, 5, 5]",125,0.0,0.2397,True,,False,22.4,cuda:0,0.4091911017894745
valid_142_a_1.nii.gz,meta,"[768, 768, 219]","[0.4766, 0.4766, 1.5]",RAS,"[732, 732, 328]",0.0015,0.9981,"[5, 5, 5]",125,0.08,0.2392,True,,False,21.2,cuda:0,0.6443077921867371
valid_924_a_1.nii.gz,meta,"[1024, 1024, 268]","[0.3945, 0.3945, 1.5]",RAS,"[808, 808, 402]",0.0,0.9942,"[6, 6, 6]",216,0.0463,0.2397,True,,False,31.5,cuda:0,0.40781599283218384
valid_455_a_1.nii.gz,meta,"[512, 512, 234]","[0.6758, 0.6758, 1.5]",RAS,"[692, 692, 350]",0.0028,0.9988,"[5, 5, 5]",125,0.192,0.2325,True,,False,11.9,cuda:0,0.29794251918792725
valid_241_a_2.nii.gz,meta,"[512, 512, 472]","[0.6621, 0.6621, 0.75]",RAS,"[678, 678, 354]",0.0,0.9996,"[5, 5, 5]",125,0.032,0.2383,True,,False,24.4,cuda:0,0.06256857514381409
valid_336_a_2.nii.gz,meta,"[1024, 1024, 231]","[0.3418, 0.3418, 1.5]",RAS,"[700, 700, 346]",0.0014,0.988,"[5, 5, 5]",125,0.0,0.2333,True,,False,23.5,cuda:0,0.2145044356584549
valid_79_a_1.nii.gz,meta,"[1024, 1024, 255]","[0.374, 0.374, 1.5]",RAS,"[766, 766, 382]",0.0013,0.9931,"[5, 5, 5]",125,0.0,0.2375,True,,False,27.9,cuda:0,0.33627849817276
valid_1200_a_2.nii.gz,meta,"[512, 512, 438]","[0.7422, 0.7422, 0.75]",RAS,"[760, 760, 329]",0.0015,0.9992,"[5, 5, 5]",125,0.056,0.2433,True,,False,22.5,cuda:0,0.9267925024032593
valid_829_a_1.nii.gz,meta,"[512, 512, 215]","[0.7227, 0.7227, 1.5]",RAS,"[740, 740, 322]",0.0016,0.9935,"[5, 5, 5]",125,0.024,0.2486,True,,False,13.4,cuda:0,0.8440350890159607
valid_1_a_1.nii.gz,meta,"[1024, 1024, 251]","[0.3418, 0.3418, 1.5]",RAS,"[700, 700, 376]",0.0013,0.9949,"[5, 5, 5]",125,0.04,0.2462,True,,False,22.3,cuda:0,0.34258535504341125
valid_979_a_2.nii.gz,meta,"[512, 512, 454]","[0.6836, 0.6836, 0.75]",RAS,"[700, 700, 341]",0.0015,0.9994,"[5, 5, 5]",125,0.08,0.2422,True,,False,22.9,cuda:0,0.8654383420944214
valid_829_b_2.nii.gz,meta,"[512, 512, 261]","[0.6871, 0.6871, 1.25]",RAS,"[703, 703, 326]",0.0009,0.9985,"[5, 5, 5]",125,0.072,0.2449,True,,False,21.6,cuda:0,0.8421375155448914
valid_968_b_2.nii.gz,meta,"[512, 512, 465]","[0.7598, 0.7598, 0.75]",RAS,"[777, 777, 349]",0.0013,0.9979,"[6, 6, 5]",180,0.2222,0.2225,True,,False,25.1,cuda:0,0.9769238829612732
valid_621_a_2.nii.gz,meta,"[1024, 1024, 229]","[0.3418, 0.3418, 1.5]",RAS,"[700, 700, 343]",0.0015,0.9925,"[5, 5, 5]",125,0.0,0.2358,True,,False,28.1,cuda:0,0.09656891226768494
valid_568_a_2.nii.gz,meta,"[512, 512, 256]","[0.6738, 0.6738, 1.25]",RAS,"[690, 690, 320]",0.0001,0.999,"[5, 5, 5]",125,0.0,0.2364,True,,False,21.0,cuda:0,0.793775200843811
valid_694_a_2.nii.gz,meta,"[512, 512, 426]","[0.6836, 0.6836, 0.75]",RAS,"[700, 700, 320]",0.0016,0.9995,"[5, 5, 5]",125,0.064,0.2348,True,,False,13.1,cuda:0,0.7687328457832336
valid_1134_a_1.nii.gz,meta,"[1024, 1024, 259]","[0.4609, 0.4609, 1.5]",RAS,"[944, 944, 388]",0.0013,0.9964,"[7, 7, 6]",294,0.0918,0.2247,True,,False,39.4,cuda:0,0.49373307824134827
valid_114_a_1.nii.gz,meta,"[512, 512, 224]","[0.5801, 0.5801, 1.25]",RAS,"[594, 594, 280]",0.0,0.9952,"[4, 4, 4]",64,0.0469,0.2538,True,,False,11.1,cuda:0,0.8814696073532104
valid_543_a_1.nii.gz,meta,"[1024, 1024, 243]","[0.3418, 0.3418, 1.5]",RAS,"[700, 700, 364]",0.0014,0.9957,"[5, 5, 5]",125,0.008,0.2417,True,,False,23.0,cuda:0,0.3341367542743683
valid_1031_a_1.nii.gz,meta,"[512, 512, 232]","[0.6055, 0.6055, 1.25]",RAS,"[620, 620, 290]",0.0,0.9939,"[4, 4, 4]",64,0.0,0.2424,True,,False,8.3,cuda:0,0.6234105825424194
valid_451_a_2.nii.gz,meta,"[512, 512, 498]","[0.8105, 0.8105, 0.75]",RAS,"[829, 829, 374]",0.0013,0.9983,"[6, 6, 5]",180,0.1444,0.2291,True,,False,27.7,cuda:0,0.9541239142417908
valid_532_a_1.nii.gz,meta,"[1024, 1024, 247]","[0.3379, 0.3379, 1.5]",RAS,"[692, 692, 370]",0.0013,0.9967,"[5, 5, 5]",125,0.048,0.2452,True,,False,30.8,cuda:0,0.1647963523864746
valid_15_a_1.nii.gz,meta,"[1024, 1024, 223]","[0.3223, 0.3223, 1.5]",RAS,"[660, 660, 334]",0.0015,0.9966,"[5, 5, 5]",125,0.008,0.2426,True,,False,24.9,cuda:0,0.518139660358429
valid_761_a_2.nii.gz,meta,"[512, 512, 453]","[0.793, 0.793, 0.75]",RAS,"[811, 811, 340]",0.0012,0.9985,"[6, 6, 5]",180,0.1444,0.2373,True,,False,18.3,cuda:0,0.49934646487236023
valid_1038_a_2.nii.gz,meta,"[1024, 1024, 110]","[0.3418, 0.3418, 3.0]",RAS,"[700, 700, 328]",0.0061,0.9964,"[5, 5, 5]",125,0.016,0.2482,True,,False,19.2,cuda:0,0.30892089009284973
valid_7_a_1.nii.gz,meta,"[1024, 1024, 240]","[0.3418, 0.3418, 1.5]",RAS,"[700, 700, 360]",0.0,0.9966,"[5, 5, 5]",125,0.04,0.2438,True,,False,25.3,cuda:0,0.38425594568252563
valid_45_a_2.nii.gz,meta,"[512, 512, 221]","[0.7526, 0.7526, 1.25]",RAS,"[770, 770, 276]",0.0009,0.9986,"[6, 6, 4]",144,0.0903,0.2364,True,,False,16.1,cuda:0,0.8508774042129517
valid_1239_a_2.nii.gz,meta,"[512, 512, 451]","[0.7598, 0.7598, 0.75]",RAS,"[777, 777, 338]",0.0013,0.9976,"[6, 6, 5]",180,0.2,0.2377,True,,False,20.8,cuda:0,0.9350880980491638
valid_141_a_2.nii.gz,meta,"[1024, 1024, 100]","[0.415, 0.415, 3.0]",RAS,"[850, 850, 298]",0.0067,0.9982,"[6, 6, 4]",144,0.0833,0.2371,True,,False,24.8,cuda:0,0.1251511424779892
valid_65_a_1.nii.gz,meta,"[768, 768, 200]","[0.4115, 0.4115, 1.5]",RAS,"[632, 632, 300]",0.0,0.9958,"[4, 4, 4]",64,0.0,0.2389,True,,False,12.9,cuda:0,0.42686721682548523
valid_779_a_2.nii.gz,meta,"[512, 512, 509]","[0.6836, 0.6836, 0.75]",RAS,"[700, 700, 382]",0.0007,0.9995,"[5, 5, 5]",125,0.048,0.2391,True,,False,26.1,cuda:0,0.8390178084373474
valid_373_b_2.nii.gz,meta,"[512, 512, 328]","[0.7656, 0.7656, 1.0]",RAS,"[783, 783, 328]",0.0013,0.9882,"[6, 6, 5]",180,0.0778,0.2403,True,,False,27.2,cuda:0,0.92581707239151
valid_1185_a_1.nii.gz,meta,"[1024, 1024, 244]","[0.3418, 0.3418, 1.5]",RAS,"[700, 700, 366]",0.0,0.9965,"[5, 5, 5]",125,0.064,0.2351,True,,False,31.8,cuda:0,0.3356112241744995
valid_856_a_1.nii.gz,meta,"[768, 768, 200]","[0.3659, 0.3659, 1.5]",RAS,"[562, 562, 300]",0.0,0.9983,"[4, 4, 4]",64,0.0,0.2347,True,,False,10.6,cuda:0,0.5173181891441345
valid_770_a_2.nii.gz,meta,"[1024, 1024, 106]","[0.3418, 0.3418, 3.0]",RAS,"[700, 700, 316]",0.0063,0.9974,"[5, 5, 4]",100,0.0,0.2409,True,,False,16.7,cuda:0,0.026811307296156883
valid_1250_b_1.nii.gz,meta,"[512, 512, 398]","[0.6826, 0.6826, 1.0]",RAS,"[699, 699, 398]",0.0,0.9992,"[5, 5, 6]",150,0.02,0.2488,True,,False,22.1,cuda:0,0.8347392678260803
valid_957_a_2.nii.gz,meta,"[512, 512, 429]","[0.7559, 0.7559, 0.75]",RAS,"[773, 773, 322]",0.0013,0.9968,"[6, 6, 5]",180,0.0556,0.2415,True,,False,17.7,cuda:0,0.81547611951828
valid_741_a_2.nii.gz,meta,"[512, 512, 395]","[0.6836, 0.6836, 0.75]",RAS,"[700, 700, 296]",0.0008,0.9994,"[5, 5, 4]",100,0.15,0.2381,True,,False,16.9,cuda:0,0.7821874618530273
valid_1237_a_2.nii.gz,meta,"[512, 512, 251]","[0.6699, 0.6699, 1.25]",RAS,"[686, 686, 314]",0.0008,0.9988,"[5, 5, 4]",100,0.04,0.2397,True,,False,13.5,cuda:0,0.8134338855743408
valid_195_a_2.nii.gz,meta,"[512, 512, 479]","[0.6836, 0.6836, 0.75]",RAS,"[700, 700, 360]",0.0021,0.9987,"[5, 5, 5]",125,0.016,0.2381,True,,False,17.3,cuda:0,0.8376234173774719
valid_775_a_2.nii.gz,meta,"[512, 512, 321]","[0.6699, 0.6699, 1.0]",RAS,"[686, 686, 321]",0.0,0.9962,"[5, 5, 5]",125,0.016,0.2478,True,,False,14.1,cuda:0,0.9388464093208313
valid_578_a_1.nii.gz,meta,"[512, 512, 232]","[0.7676, 0.7676, 1.25]",RAS,"[785, 785, 290]",0.0013,0.9863,"[6, 6, 4]",144,0.0972,0.2379,True,,False,20.9,cuda:0,0.8795447945594788
valid_481_a_2.nii.gz,meta,"[1024, 1024, 105]","[0.3994, 0.3994, 3.0]",RAS,"[818, 818, 313]",0.0063,0.9978,"[6, 6, 4]",144,0.0069,0.2401,True,,False,23.6,cuda:0,0.2143290936946869
valid_227_a_2.nii.gz,meta,"[512, 512, 485]","[0.8066, 0.8066, 0.75]",RAS,"[825, 825, 364]",0.0012,0.9989,"[6, 6, 5]",180,0.1889,0.2309,True,,False,24.1,cuda:0,0.8864927291870117
valid_341_a_2.nii.gz,meta,"[512, 512, 195]","[0.6289, 0.6289, 1.5]",RAS,"[644, 644, 292]",0.0017,0.9994,"[5, 5, 4]",100,0.02,0.2405,True,,False,13.9,cuda:0,0.6998124122619629
valid_163_b_2.nii.gz,meta,"[512, 512, 483]","[0.7188, 0.7188, 0.75]",RAS,"[736, 736, 362]",0.0007,0.9992,"[5, 5, 5]",125,0.2,0.2274,True,,False,20.6,cuda:0,0.9004459977149963
valid_276_a_1.nii.gz,meta,"[512, 512, 206]","[0.7148, 0.7148, 1.5]",RAS,"[732, 732, 308]",0.0032,0.994,"[5, 5, 4]",100,0.03,0.2516,True,,False,18.2,cuda:0,0.9174070954322815
valid_208_a_2.nii.gz,meta,"[512, 512, 187]","[0.6719, 0.6719, 1.5]",RAS,"[688, 688, 280]",0.0018,0.9997,"[5, 5, 4]",100,0.45,0.2141,True,,False,15.6,cuda:0,0.9507315754890442
valid_250_a_2.nii.gz,meta,"[512, 512, 503]","[0.7715, 0.7715, 0.75]",RAS,"[789, 789, 378]",0.002,0.9985,"[6, 6, 5]",180,0.0611,0.2386,True,,False,24.3,cuda:0,0.941666841506958
valid_767_a_2.nii.gz,meta,"[512, 512, 310]","[0.6972, 0.6972, 1.25]",RAS,"[714, 714, 387]",0.0013,0.9987,"[5, 5, 6]",150,0.2,0.2404,True,,False,23.0,cuda:0,0.7704899907112122
valid_1225_a_2.nii.gz,meta,"[512, 512, 430]","[0.6836, 0.6836, 0.75]",RAS,"[700, 700, 323]",0.0016,0.999,"[5, 5, 5]",125,0.032,0.2314,True,,False,17.7,cuda:0,0.8076372742652893
valid_644_a_2.nii.gz,meta,"[512, 512, 318]","[0.7578, 0.7578, 1.0]",RAS,"[775, 775, 318]",0.0013,0.9897,"[6, 6, 4]",144,0.0625,0.2382,True,,False,18.0,cuda:0,0.857180118560791
valid_890_a_1.nii.gz,meta,"[512, 512, 281]","[0.728, 0.728, 1.25]",RAS,"[745, 745, 351]",0.0007,0.9936,"[5, 5, 5]",125,0.072,0.2518,True,,False,15.5,cuda:0,0.823238730430603
valid_1016_f_1.nii.gz,meta,"[512, 512, 293]","[0.5977, 0.5977, 1.0]",RAS,"[612, 612, 293]",0.0,0.9998,"[4, 4, 4]",64,0.0,0.235,True,,False,13.0,cuda:0,0.8657070398330688
valid_704_a_1.nii.gz,meta,"[1024, 1024, 255]","[0.3418, 0.3418, 1.5]",RAS,"[700, 700, 382]",0.0013,0.9966,"[5, 5, 5]",125,0.0,0.2324,True,,False,29.2,cuda:0,0.19206571578979492
valid_846_a_2.nii.gz,meta,"[512, 512, 308]","[0.673, 0.673, 1.0]",RAS,"[689, 689, 308]",0.0002,0.9933,"[5, 5, 4]",100,0.06,0.2497,True,,False,12.7,cuda:0,0.7884421348571777
valid_188_b_2.nii.gz,meta,"[512, 512, 344]","[0.7227, 0.7227, 0.75]",RAS,"[740, 740, 258]",0.0,0.9995,"[5, 5, 4]",100,0.11,0.2366,True,,False,18.5,cuda:0,0.8758052587509155
valid_331_a_1.nii.gz,meta,"[1024, 1024, 228]","[0.3418, 0.3418, 1.5]",RAS,"[700, 700, 342]",0.0,0.9931,"[5, 5, 5]",125,0.0,0.231,True,,False,31.9,cuda:0,0.3652910590171814
valid_1174_a_2.nii.gz,meta,"[512, 512, 328]","[0.6621, 0.6621, 1.0]",RAS,"[678, 678, 328]",0.0,0.9959,"[5, 5, 5]",125,0.0,0.2462,True,,False,15.1,cuda:0,0.6601778864860535
valid_833_a_2.nii.gz,meta,"[512, 512, 509]","[0.7617, 0.7617, 0.75]",RAS,"[779, 779, 382]",0.0013,0.9985,"[6, 6, 5]",180,0.1389,0.2442,True,,False,19.5,cuda:0,0.7352355122566223
valid_257_a_5.nii.gz,meta,"[512, 512, 385]","[0.6836, 0.6836, 0.75]",RAS,"[700, 700, 289]",0.0009,0.9986,"[5, 5, 4]",100,0.05,0.2343,True,,False,21.5,cuda:0,0.7021531462669373
valid_257_a_1.nii.gz,meta,"[512, 512, 324]","[0.4043, 0.4043, 1.0]",RAS,"[414, 414, 324]",0.0,0.9999,"[3, 3, 5]",45,0.0,0.2744,True,,False,7.3,cuda:0,0.7693390250205994
valid_519_a_1.nii.gz,meta,"[1024, 1024, 269]","[0.3906, 0.3906, 1.5]",RAS,"[800, 800, 403]",0.0012,0.9869,"[6, 6, 6]",216,0.0231,0.2386,True,,False,33.6,cuda:0,0.4701257050037384
valid_359_a_2.nii.gz,meta,"[512, 512, 274]","[0.6504, 0.6504, 1.25]",RAS,"[666, 666, 342]",0.0015,0.999,"[5, 5, 5]",125,0.024,0.2404,True,,False,18.7,cuda:0,0.6939924359321594
valid_897_a_2.nii.gz,meta,"[512, 512, 359]","[0.8686, 0.8686, 1.0]",RAS,"[889, 889, 359]",0.0005,0.9973,"[6, 6, 5]",180,0.15,0.2288,True,,False,25.4,cuda:0,0.9370995759963989
valid_151_c_2.nii.gz,meta,"[512, 512, 268]","[0.6738, 0.6738, 1.25]",RAS,"[690, 690, 335]",0.0,0.999,"[5, 5, 5]",125,0.08,0.2441,True,,False,20.9,cuda:0,0.8231320977210999
valid_768_a_1.nii.gz,meta,"[1024, 1024, 255]","[0.3545, 0.3545, 1.5]",RAS,"[726, 726, 382]",0.0013,0.9936,"[5, 5, 5]",125,0.0,0.2357,True,,False,25.3,cuda:0,0.5081538558006287
valid_84_a_1.nii.gz,meta,"[512, 512, 225]","[0.7516, 0.7516, 1.25]",RAS,"[769, 769, 281]",0.0009,0.9891,"[6, 6, 4]",144,0.0139,0.2447,True,,False,13.9,cuda:0,0.5394643545150757
valid_112_a_2.nii.gz,meta,"[512, 512, 487]","[0.7559, 0.7559, 0.75]",RAS,"[773, 773, 366]",0.0021,0.9977,"[6, 6, 5]",180,0.2222,0.2312,True,,False,23.0,cuda:0,0.8652310371398926
valid_95_a_2.nii.gz,meta,"[512, 512, 446]","[0.6836, 0.6836, 0.75]",RAS,"[700, 700, 335]",0.0015,0.9997,"[5, 5, 5]",125,0.08,0.2344,True,,False,22.9,cuda:0,0.8270304799079895
valid_695_a_2.nii.gz,meta,"[512, 512, 362]","[0.8027, 0.8027, 0.75]",RAS,"[821, 821, 272]",0.0018,0.9989,"[6, 6, 4]",144,0.1736,0.2341,True,,False,16.3,cuda:0,0.9436513781547546
valid_258_b_2.nii.gz,meta,"[512, 512, 492]","[0.7793, 0.7793, 0.75]",RAS,"[797, 797, 369]",0.0013,0.9985,"[6, 6, 5]",180,0.1278,0.2415,True,,False,20.0,cuda:0,0.9172793626785278
valid_21_a_1.nii.gz,meta,"[512, 512, 211]","[0.6895, 0.6895, 1.5]",RAS,"[706, 706, 316]",0.0016,0.9944,"[5, 5, 4]",100,0.07,0.2464,True,,False,13.9,cuda:0,0.7501292824745178
valid_917_a_2.nii.gz,meta,"[512, 512, 438]","[0.6348, 0.6348, 0.75]",RAS,"[650, 650, 329]",0.0015,0.9996,"[5, 5, 5]",125,0.096,0.2418,True,,False,13.2,cuda:0,0.6211909651756287
valid_250_f_1.nii.gz,meta,"[1024, 1024, 199]","[0.3623, 0.3623, 1.5]",RAS,"[742, 742, 298]",0.0017,0.9974,"[5, 5, 4]",100,0.02,0.2423,True,,False,22.2,cuda:0,0.5643095374107361
valid_818_a_2.nii.gz,meta,"[512, 512, 441]","[0.7422, 0.7422, 0.75]",RAS,"[760, 760, 331]",0.0008,0.9993,"[5, 5, 5]",125,0.024,0.2301,True,,False,24.6,cuda:0,0.7556081414222717
valid_111_a_1.nii.gz,meta,"[1024, 1024, 255]","[0.3418, 0.3418, 1.5]",RAS,"[700, 700, 382]",0.0013,0.9928,"[5, 5, 5]",125,0.0,0.2373,True,,False,27.0,cuda:0,0.2803556025028229
valid_180_b_2.nii.gz,meta,"[512, 512, 363]","[0.8396, 0.8396, 1.0]",RAS,"[859, 859, 363]",0.0009,0.9963,"[6, 6, 5]",180,0.1056,0.2396,True,,False,24.4,cuda:0,0.9201006889343262
valid_289_a_2.nii.gz,meta,"[512, 512, 447]","[0.877, 0.877, 0.75]",RAS,"[897, 897, 336]",0.0022,0.9987,"[7, 7, 5]",245,0.2571,0.2325,True,,False,26.1,cuda:0,0.9059411287307739
valid_191_b_1.nii.gz,meta,"[512, 512, 304]","[0.8555, 0.8555, 1.25]",RAS,"[875, 875, 380]",0.0011,0.985,"[6, 6, 5]",180,0.0,0.2455,True,,False,23.6,cuda:0,0.8960473537445068
valid_561_b_1.nii.gz,meta,"[768, 768, 224]","[0.4544, 0.4544, 1.5001]",RAS,"[698, 698, 336]",0.0001,0.9982,"[5, 5, 5]",125,0.056,0.2353,True,,False,21.9,cuda:0,0.6547799706459045
valid_1147_b_2.nii.gz,meta,"[512, 512, 424]","[0.707, 0.707, 0.75]",RAS,"[724, 724, 318]",0.0,0.9997,"[5, 5, 4]",100,0.22,0.2387,True,,False,18.7,cuda:0,0.8512460589408875
valid_968_c_1.nii.gz,meta,"[1024, 1024, 220]","[0.3564, 0.3564, 1.5]",RAS,"[730, 730, 330]",0.0,0.9966,"[5, 5, 5]",125,0.12,0.2267,True,,False,31.2,cuda:0,0.3537139892578125
valid_825_a_2.nii.gz,meta,"[512, 512, 436]","[0.8672, 0.8672, 0.75]",RAS,"[887, 887, 327]",0.0011,0.9988,"[6, 6, 5]",180,0.1,0.2313,True,,False,26.8,cuda:0,0.9934703707695007
valid_789_a_1.nii.gz,meta,"[1024, 1024, 264]","[0.3701, 0.3701, 1.5]",RAS,"[758, 758, 396]",0.0,0.9965,"[5, 5, 6]",150,0.04,0.241,True,,False,29.0,cuda:0,0.13912010192871094
valid_91_a_2.nii.gz,meta,"[512, 512, 487]","[0.6836, 0.6836, 0.75]",RAS,"[700, 700, 366]",0.0021,0.9988,"[5, 5, 5]",125,0.192,0.2416,True,,False,19.0,cuda:0,0.6932234168052673
valid_879_a_2.nii.gz,meta,"[512, 512, 431]","[0.6152, 0.6152, 0.75]",RAS,"[630, 630, 324]",0.0023,0.9993,"[4, 4, 5]",80,0.0125,0.2357,True,,False,14.4,cuda:0,0.8903936147689819
valid_442_a_2.nii.gz,meta,"[512, 512, 356]","[0.75, 0.75, 1.0]",RAS,"[768, 768, 356]",0.0,0.9923,"[6, 6, 5]",180,0.0833,0.2416,True,,False,26.6,cuda:0,0.8490367531776428
valid_1170_c_2.nii.gz,meta,"[512, 512, 251]","[0.5764, 0.5764, 1.0]",RAS,"[590, 590, 251]",0.0003,0.9969,"[4, 4, 3]",48,0.0,0.2426,True,,False,7.7,cuda:0,0.9411848187446594
valid_138_a_1.nii.gz,meta,"[512, 512, 260]","[0.6406, 0.6406, 1.0]",RAS,"[656, 656, 260]",0.0,0.9998,"[5, 5, 4]",100,0.2,0.2438,True,,False,17.2,cuda:0,0.6839854121208191
valid_1277_a_1.nii.gz,meta,"[1024, 1024, 184]","[0.3877, 0.3877, 1.5]",RAS,"[794, 794, 276]",0.0,0.9953,"[6, 6, 4]",144,0.0,0.2292,True,,False,23.4,cuda:0,0.2682892084121704
valid_771_b_2.nii.gz,meta,"[512, 512, 316]","[0.7725, 0.7725, 1.0]",RAS,"[791, 791, 316]",0.0001,0.9931,"[6, 6, 4]",144,0.0833,0.2425,True,,False,20.2,cuda:0,0.767784833908081
valid_368_a_1.nii.gz,meta,"[1024, 1024, 255]","[0.4141, 0.4141, 1.5]",RAS,"[848, 848, 382]",0.0013,0.9864,"[6, 6, 5]",180,0.0056,0.2381,True,,False,36.3,cuda:0,0.6364928483963013
valid_1131_b_2.nii.gz,meta,"[512, 512, 304]","[0.8182, 0.8182, 1.0]",RAS,"[837, 837, 304]",0.0011,0.994,"[6, 6, 4]",144,0.0694,0.2418,True,,False,18.7,cuda:0,0.930004894733429
valid_288_a_2.nii.gz,meta,"[1024, 1024, 205]","[0.3418, 0.3418, 1.5]",RAS,"[700, 700, 307]",0.0016,0.9821,"[5, 5, 4]",100,0.0,0.2205,True,,False,21.6,cuda:0,0.2501797676086426
valid_994_a_5.nii.gz,meta,"[512, 512, 527]","[0.8008, 0.8008, 0.75]",RAS,"[819, 819, 396]",0.0019,0.9982,"[6, 6, 6]",216,0.0602,0.2363,True,,False,30.3,cuda:0,0.8337317705154419
valid_524_a_1.nii.gz,meta,"[1024, 1024, 207]","[0.3418, 0.3418, 1.5]",RAS,"[700, 700, 310]",0.0016,0.9955,"[5, 5, 4]",100,0.01,0.2386,True,,False,21.9,cuda:0,0.32498040795326233
valid_439_a_2.nii.gz,meta,"[512, 512, 422]","[0.6836, 0.6836, 0.75]",RAS,"[700, 700, 317]",0.0016,0.9997,"[5, 5, 4]",100,0.22,0.2446,True,,False,19.5,cuda:0,0.6823142170906067
valid_1103_a_1.nii.gz,meta,"[1024, 1024, 211]","[0.3516, 0.3516, 1.5]",RAS,"[720, 720, 316]",0.0016,0.9928,"[5, 5, 4]",100,0.03,0.2411,True,,False,23.5,cuda:0,0.1982392966747284
valid_738_a_2.nii.gz,meta,"[512, 512, 257]","[0.8301, 0.8301, 1.25]",RAS,"[849, 849, 321]",0.0012,0.9977,"[6, 6, 5]",180,0.0444,0.2348,True,,False,19.0,cuda:0,0.8117727637290955
valid_214_a_1.nii.gz,meta,"[1024, 1024, 255]","[0.3975, 0.3975, 1.5]",RAS,"[814, 814, 382]",0.0013,0.9951,"[6, 6, 5]",180,0.0167,0.239,True,,False,26.9,cuda:0,0.46983814239501953
valid_882_a_2.nii.gz,meta,"[512, 512, 496]","[0.9766, 0.9766, 0.75]",RAS,"[999, 999, 372]",0.001,0.9995,"[7, 7, 5]",245,0.1878,0.237,True,,False,40.2,cuda:0,0.8508962392807007
valid_79_a_2.nii.gz,meta,"[512, 512, 510]","[0.748, 0.748, 0.75]",RAS,"[766, 766, 383]",0.0013,0.9992,"[5, 5, 5]",125,0.0,0.2359,True,,False,21.9,cuda:0,0.8154304623603821
valid_274_b_2.nii.gz,meta,"[512, 512, 509]","[0.8711, 0.8711, 0.75]",RAS,"[891, 891, 382]",0.0011,0.9991,"[6, 6, 5]",180,0.1111,0.2469,True,,False,24.3,cuda:0,0.9935653805732727
valid_1173_a_1.nii.gz,meta,"[1024, 1024, 228]","[0.3467, 0.3467, 1.5]",RAS,"[710, 710, 342]",0.0,0.9928,"[5, 5, 5]",125,0.0,0.2295,True,,False,27.9,cuda:0,0.2458309531211853
valid_1000_a_1.nii.gz,meta,"[1024, 1024, 194]","[0.3936, 0.3936, 1.5]",RAS,"[806, 806, 290]",0.0034,0.9953,"[6, 6, 4]",144,0.0833,0.2393,True,,False,20.0,cuda:0,0.15056557953357697
valid_485_a_2.nii.gz,meta,"[512, 512, 332]","[0.8055, 0.8055, 1.0]",RAS,"[824, 824, 332]",0.001,0.9908,"[6, 6, 5]",180,0.0333,0.2372,True,,False,20.9,cuda:0,0.6352081298828125
valid_555_a_1.nii.gz,meta,"[1024, 1024, 255]","[0.4541, 0.4541, 1.5]",RAS,"[930, 930, 382]",0.0013,0.9957,"[7, 7, 5]",245,0.102,0.2254,True,,False,34.7,cuda:0,0.5126127004623413
valid_457_a_2.nii.gz,meta,"[512, 512, 185]","[0.6758, 0.6758, 1.25]",RAS,"[692, 692, 231]",0.0011,0.9991,"[5, 5, 3]",75,0.0133,0.2384,True,,False,11.9,cuda:0,0.9460687637329102
valid_283_a_1.nii.gz,meta,"[768, 768, 211]","[0.4844, 0.4844, 1.5]",RAS,"[744, 744, 316]",0.0016,0.9986,"[5, 5, 4]",100,0.16,0.222,True,,False,17.6,cuda:0,0.7231774926185608
valid_1041_a_1.nii.gz,meta,"[1024, 1024, 215]","[0.4043, 0.4043, 1.5]",RAS,"[828, 828, 322]",0.0016,0.9941,"[6, 6, 5]",180,0.0056,0.2377,True,,False,26.0,cuda:0,0.6526166796684265
valid_589_b_2.nii.gz,meta,"[512, 512, 332]","[0.653, 0.653, 1.0]",RAS,"[668, 668, 332]",0.001,0.9918,"[5, 5, 5]",125,0.12,0.2475,True,,False,17.6,cuda:0,0.8075495362281799
valid_1139_a_1.nii.gz,meta,"[512, 512, 212]","[0.6836, 0.6836, 1.5]",RAS,"[700, 700, 318]",0.0,0.9996,"[5, 5, 4]",100,0.0,0.2318,True,,False,14.4,cuda:0,0.5144360065460205
valid_157_a_2.nii.gz,meta,"[1024, 1024, 111]","[0.3418, 0.3418, 3.0]",RAS,"[700, 700, 331]",0.006,0.9974,"[5, 5, 5]",125,0.024,0.2418,True,,False,23.0,cuda:0,0.22225436568260193
valid_218_a_1.nii.gz,meta,"[1024, 1024, 269]","[0.3779, 0.3779, 1.5]",RAS,"[774, 774, 403]",0.0012,0.997,"[6, 6, 6]",216,0.0926,0.2383,True,,False,42.9,cuda:0,0.6046197414398193
valid_552_a_2.nii.gz,meta,"[512, 512, 444]","[0.6445, 0.6445, 0.75]",RAS,"[660, 660, 333]",0.0,0.9997,"[5, 5, 5]",125,0.168,0.2332,True,,False,17.8,cuda:0,0.5695503950119019
valid_915_c_2.nii.gz,meta,"[512, 512, 501]","[0.6836, 0.6836, 0.75]",RAS,"[700, 700, 376]",0.0007,0.9995,"[5, 5, 5]",125,0.024,0.2416,True,,False,19.5,cuda:0,0.6358274817466736
valid_90_a_1.nii.gz,meta,"[512, 512, 221]","[0.6973, 0.6973, 1.25]",RAS,"[714, 714, 276]",0.0009,0.9931,"[5, 5, 4]",100,0.0,0.24,True,,False,16.1,cuda:0,0.8429837822914124
valid_807_a_2.nii.gz,meta,"[512, 512, 482]","[0.6465, 0.6465, 0.75]",RAS,"[662, 662, 362]",0.0014,0.9948,"[5, 5, 5]",125,0.12,0.2339,True,,False,17.0,cuda:0,0.36827200651168823
valid_77_a_1.nii.gz,meta,"[1024, 1024, 240]","[0.3652, 0.3652, 1.5]",RAS,"[748, 748, 360]",0.0,0.9952,"[5, 5, 5]",125,0.008,0.2317,True,,False,22.0,cuda:0,0.10920370370149612
valid_125_a_1.nii.gz,meta,"[512, 512, 321]","[0.756, 0.756, 1.0]",RAS,"[774, 774, 321]",0.0001,0.9995,"[6, 6, 5]",180,0.0778,0.2251,True,,False,22.1,cuda:0,0.8668628334999084
valid_1199_a_2.nii.gz,meta,"[512, 512, 413]","[0.791, 0.791, 0.75]",RAS,"[809, 809, 310]",0.0012,0.998,"[6, 6, 4]",144,0.0556,0.2397,True,,False,20.4,cuda:0,0.9304735064506531
valid_43_a_1.nii.gz,meta,"[1024, 1024, 237]","[0.4521, 0.4521, 1.5]",RAS,"[926, 926, 355]",0.0014,0.9966,"[7, 7, 5]",245,0.1102,0.2273,True,,False,31.2,cuda:0,0.3190203607082367
valid_295_a_2.nii.gz,meta,"[512, 512, 446]","[0.9219, 0.9219, 0.75]",RAS,"[943, 943, 335]",0.0015,0.9993,"[7, 7, 5]",245,0.1714,0.2206,True,,False,23.3,cuda:0,0.9084616303443909
valid_474_a_1.nii.gz,meta,"[512, 512, 295]","[0.7295, 0.7295, 1.0]",RAS,"[747, 747, 295]",0.0001,0.9995,"[5, 5, 4]",100,0.13,0.2501,True,,False,16.9,cuda:0,0.8193793296813965
valid_1058_a_1.nii.gz,meta,"[1024, 1024, 183]","[0.377, 0.377, 1.5]",RAS,"[772, 772, 274]",0.0018,0.9944,"[6, 6, 4]",144,0.0486,0.239,True,,False,25.8,cuda:0,0.10957356542348862
valid_1006_b_2.nii.gz,meta,"[512, 512, 207]","[0.7324, 0.7324, 1.5]",RAS,"[750, 750, 310]",0.0016,0.9996,"[5, 5, 4]",100,0.05,0.242,True,,False,12.5,cuda:0,0.8662770390510559
valid_340_a_3.nii.gz,meta,"[1024, 1024, 255]","[0.4746, 0.4746, 1.5]",RAS,"[972, 972, 382]",0.0013,0.9956,"[7, 7, 5]",245,0.1265,0.2299,True,,False,45.8,cuda:0,0.36097198724746704
valid_861_a_2.nii.gz,meta,"[512, 512, 478]","[0.8008, 0.8008, 0.75]",RAS,"[819, 819, 359]",0.0014,1.0,"[6, 6, 5]",180,0.1722,0.2404,True,,False,20.9,cuda:0,0.9741858839988708
valid_1169_a_1.nii.gz,meta,"[512, 512, 254]","[0.747, 0.747, 1.0]",RAS,"[764, 764, 254]",0.0012,0.9976,"[5, 5, 3]",75,0.08,0.2346,True,,False,13.5,cuda:0,0.8438901305198669
valid_277_d_2.nii.gz,meta,"[512, 512, 264]","[0.8069, 0.8069, 1.25]",RAS,"[826, 826, 330]",0.0004,0.9991,"[6, 6, 5]",180,0.1389,0.2421,True,,False,25.2,cuda:0,0.9572696089744568
valid_1241_a_2.nii.gz,meta,"[512, 512, 442]","[0.7773, 0.7773, 0.75]",RAS,"[795, 795, 332]",0.0015,0.999,"[6, 6, 5]",180,0.1778,0.2433,True,,False,26.4,cuda:0,0.9575986266136169
valid_68_a_1.nii.gz,meta,"[768, 768, 225]","[0.5443, 0.5443, 1.5]",RAS,"[836, 836, 337]",0.0015,0.9987,"[6, 6, 5]",180,0.1944,0.2128,True,,False,23.7,cuda:0,0.34003689885139465
valid_117_a_2.nii.gz,meta,"[512, 512, 499]","[0.9766, 0.9766, 0.75]",RAS,"[999, 999, 374]",0.001,0.9992,"[7, 7, 5]",245,0.1551,0.2238,True,,False,40.7,cuda:0,0.8461285829544067
valid_1216_a_2.nii.gz,meta,"[512, 512, 467]","[0.6836, 0.6836, 0.75]",RAS,"[700, 700, 350]",0.0007,0.9992,"[5, 5, 5]",125,0.048,0.2399,True,,False,14.8,cuda:0,0.7761256694793701
valid_163_a_2.nii.gz,meta,"[512, 512, 509]","[0.8066, 0.8066, 0.75]",RAS,"[825, 825, 382]",0.0012,0.9982,"[6, 6, 5]",180,0.1778,0.2215,True,,False,25.2,cuda:0,0.9844362139701843
valid_1099_a_1.nii.gz,meta,"[1024, 1024, 232]","[0.3896, 0.3896, 1.5]",RAS,"[798, 798, 348]",0.0,0.9952,"[6, 6, 5]",180,0.0056,0.2371,True,,False,26.8,cuda:0,0.6250432133674622
valid_1256_a_1.nii.gz,meta,"[512, 512, 307]","[0.616, 0.616, 1.0]",RAS,"[631, 631, 307]",0.0003,0.9991,"[4, 4, 4]",64,0.0,0.2369,True,,False,9.9,cuda:0,0.5839864015579224
valid_379_a_1.nii.gz,meta,"[1024, 1024, 183]","[0.3779, 0.3779, 1.5]",RAS,"[774, 774, 274]",0.0018,0.9961,"[6, 6, 4]",144,0.0,0.2367,True,,False,22.1,cuda:0,0.4590591788291931
valid_770_c_1.nii.gz,meta,"[768, 768, 211]","[0.4141, 0.4141, 1.5]",RAS,"[636, 636, 316]",0.0016,0.9982,"[4, 4, 4]",64,0.0,0.2349,True,,False,16.6,cuda:0,0.3968532085418701
valid_371_a_2.nii.gz,meta,"[512, 512, 509]","[0.6836, 0.6836, 0.75]",RAS,"[700, 700, 382]",0.0007,1.0,"[5, 5, 5]",125,0.208,0.2337,True,,False,20.2,cuda:0,0.6262811422348022
valid_297_a_1.nii.gz,meta,"[768, 768, 220]","[0.4635, 0.4635, 1.5]",RAS,"[712, 712, 330]",0.0,0.9966,"[5, 5, 5]",125,0.0,0.2281,True,,False,18.5,cuda:0,0.43892356753349304
valid_990_a_2.nii.gz,meta,"[1024, 1024, 242]","[0.3418, 0.3418, 1.5]",RAS,"[700, 700, 362]",0.0028,0.996,"[5, 5, 5]",125,0.008,0.2366,True,,False,23.4,cuda:0,0.6057732105255127
valid_589_a_1.nii.gz,meta,"[1024, 1024, 255]","[0.374, 0.374, 1.5]",RAS,"[766, 766, 382]",0.0013,0.9968,"[5, 5, 5]",125,0.096,0.2365,True,,False,28.3,cuda:0,0.11758868396282196
valid_1126_c_1.nii.gz,meta,"[512, 512, 208]","[0.7461, 0.7461, 1.5]",RAS,"[764, 764, 312]",0.0,0.9952,"[5, 5, 4]",100,0.0,0.2561,True,,False,13.2,cuda:0,0.8725690841674805
valid_385_a_1.nii.gz,meta,"[768, 768, 241]","[0.4479, 0.4479, 1.5]",RAS,"[688, 688, 361]",0.0014,0.9962,"[5, 5, 5]",125,0.008,0.2402,True,,False,16.3,cuda:0,0.4711790382862091
valid_765_a_1.nii.gz,meta,"[512, 512, 238]","[0.6836, 0.6836, 1.5]",RAS,"[700, 700, 356]",0.0028,0.9986,"[5, 5, 5]",125,0.0,0.2333,True,,False,20.2,cuda:0,0.7215523719787598
valid_1300_a_2.nii.gz,meta,"[512, 512, 419]","[0.6523, 0.6523, 0.75]",RAS,"[668, 668, 314]",0.0008,0.9993,"[5, 5, 4]",100,0.21,0.2324,True,,False,15.6,cuda:0,0.4756770133972168
valid_374_a_2.nii.gz,meta,"[512, 512, 367]","[0.6836, 0.6836, 0.75]",RAS,"[700, 700, 276]",0.0027,0.9991,"[5, 5, 4]",100,0.0,0.2311,True,,False,12.2,cuda:0,0.7475907206535339
valid_477_a_2.nii.gz,meta,"[1024, 1024, 187]","[0.3418, 0.3418, 1.5]",RAS,"[700, 700, 280]",0.0018,0.9834,"[5, 5, 4]",100,0.0,0.2263,True,,False,20.3,cuda:0,0.40967652201652527
valid_1065_a_1.nii.gz,meta,"[512, 512, 320]","[0.7285, 0.7285, 1.0]",RAS,"[746, 746, 320]",0.0,0.9992,"[5, 5, 5]",125,0.0,0.2409,True,,False,22.3,cuda:0,0.7021312713623047
valid_550_a_1.nii.gz,meta,"[512, 512, 230]","[0.6367, 0.6367, 1.5]",RAS,"[652, 652, 344]",0.0029,0.9989,"[5, 5, 5]",125,0.088,0.2421,True,,False,13.6,cuda:0,0.45703867077827454
valid_937_c_1.nii.gz,meta,"[1024, 1024, 276]","[0.3643, 0.3643, 1.5]",RAS,"[746, 746, 414]",0.0,0.9972,"[5, 5, 6]",150,0.0867,0.2231,True,,False,34.0,cuda:0,0.39522334933280945
valid_637_a_2.nii.gz,meta,"[512, 512, 487]","[0.8184, 0.8184, 0.75]",RAS,"[837, 837, 366]",0.0021,0.9989,"[6, 6, 5]",180,0.0778,0.2442,True,,False,35.2,cuda:0,0.8169042468070984
valid_31_a_2.nii.gz,meta,"[512, 512, 491]","[0.6836, 0.6836, 0.75]",RAS,"[700, 700, 368]",0.0007,0.9992,"[5, 5, 5]",125,0.024,0.2309,True,,False,16.1,cuda:0,0.8720710277557373
valid_898_a_1.nii.gz,meta,"[512, 512, 216]","[0.6836, 0.6836, 1.5]",RAS,"[700, 700, 324]",0.0,0.9992,"[5, 5, 5]",125,0.032,0.2333,True,,False,14.1,cuda:0,0.3907577097415924
valid_130_a_2.nii.gz,meta,"[512, 512, 526]","[0.7773, 0.7773, 0.75]",RAS,"[795, 795, 395]",0.0013,0.9981,"[6, 6, 6]",216,0.2222,0.2176,True,,False,32.5,cuda:0,0.9480382204055786
valid_193_a_1.nii.gz,meta,"[1024, 1024, 221]","[0.3564, 0.3564, 1.5]",RAS,"[730, 730, 331]",0.0015,0.996,"[5, 5, 5]",125,0.008,0.2459,True,,False,23.6,cuda:0,0.16738355159759521
valid_351_a_1.nii.gz,meta,"[1024, 1024, 252]","[0.3887, 0.3887, 1.5]",RAS,"[796, 796, 378]",0.0,0.9955,"[6, 6, 5]",180,0.0167,0.2388,True,,False,27.2,cuda:0,0.2460915744304657
valid_62_b_1.nii.gz,meta,"[1024, 1024, 223]","[0.3877, 0.3877, 1.5]",RAS,"[794, 794, 334]",0.0015,0.9874,"[6, 6, 5]",180,0.0,0.2315,True,,False,34.4,cuda:0,0.09061800688505173
valid_988_a_2.nii.gz,meta,"[512, 512, 431]","[0.8516, 0.8516, 0.75]",RAS,"[871, 871, 324]",0.0023,0.9983,"[6, 6, 5]",180,0.1778,0.2173,True,,False,27.9,cuda:0,0.8849549889564514
valid_113_a_2.nii.gz,meta,"[512, 512, 447]","[0.6836, 0.6836, 0.75]",RAS,"[700, 700, 336]",0.0022,0.9988,"[5, 5, 5]",125,0.152,0.2376,True,,False,19.7,cuda:0,0.5602709054946899
valid_1226_a_2.nii.gz,meta,"[512, 512, 489]","[0.7305, 0.7305, 0.75]",RAS,"[748, 748, 367]",0.0007,0.9996,"[5, 5, 5]",125,0.136,0.2405,True,,False,22.1,cuda:0,0.793063223361969
valid_348_a_2.nii.gz,meta,"[1024, 1024, 115]","[0.4639, 0.4639, 3.0]",RAS,"[950, 950, 343]",0.0058,0.9975,"[7, 7, 5]",245,0.0449,0.2377,True,,False,34.4,cuda:0,0.08514204621315002
valid_205_a_1.nii.gz,meta,"[1024, 1024, 216]","[0.3906, 0.3906, 1.5]",RAS,"[800, 800, 324]",0.0,0.995,"[6, 6, 5]",180,0.0833,0.2384,True,,False,25.3,cuda:0,0.34254881739616394
valid_498_a_1.nii.gz,meta,"[1024, 1024, 255]","[0.3418, 0.3418, 1.5]",RAS,"[700, 700, 382]",0.0013,0.9963,"[5, 5, 5]",125,0.008,0.2449,True,,False,28.1,cuda:0,0.11304105073213577
valid_971_b_1.nii.gz,meta,"[512, 512, 319]","[0.6543, 0.6543, 1.0]",RAS,"[670, 670, 319]",0.0,0.9994,"[5, 5, 4]",100,0.01,0.2393,True,,False,15.8,cuda:0,0.8461413383483887
valid_444_a_1.nii.gz,meta,"[1024, 1024, 247]","[0.3027, 0.3027, 1.5]",RAS,"[620, 620, 370]",0.0013,0.9925,"[4, 4, 5]",80,0.0,0.2268,True,,False,17.9,cuda:0,-0.23486638069152832
valid_788_a_2.nii.gz,meta,"[512, 512, 501]","[0.6836, 0.6836, 0.75]",RAS,"[700, 700, 376]",0.0007,0.9997,"[5, 5, 5]",125,0.2,0.2368,True,,False,19.3,cuda:0,0.5486498475074768
valid_180_a_1.nii.gz,meta,"[512, 512, 357]","[0.7859, 0.7859, 1.0]",RAS,"[804, 804, 357]",0.001,0.9988,"[6, 6, 5]",180,0.1389,0.2415,True,,False,27.8,cuda:0,0.9619691371917725
valid_655_a_1.nii.gz,meta,"[1024, 1024, 231]","[0.2969, 0.2969, 1.5]",RAS,"[608, 608, 346]",0.0014,0.9966,"[4, 4, 5]",80,0.0,0.2446,True,,False,18.6,cuda:0,0.20872297883033752
valid_1148_b_2.nii.gz,meta,"[512, 512, 218]","[0.7891, 0.7891, 1.25]",RAS,"[807, 807, 272]",0.0018,0.9966,"[6, 6, 4]",144,0.1806,0.2475,True,,False,12.5,cuda:0,0.921163022518158
valid_60_a_1.nii.gz,meta,"[512, 512, 335]","[0.7309, 0.7309, 1.0]",RAS,"[748, 748, 335]",0.0006,0.9995,"[5, 5, 5]",125,0.136,0.2369,True,,False,18.9,cuda:0,0.9636486768722534
valid_1057_a_2.nii.gz,meta,"[512, 512, 496]","[0.8125, 0.8125, 0.75]",RAS,"[831, 831, 372]",0.0012,0.9992,"[6, 6, 5]",180,0.1222,0.2371,True,,False,24.5,cuda:0,0.8604624271392822
valid_668_b_1.nii.gz,meta,"[512, 512, 192]","[0.7559, 0.7559, 1.5]",RAS,"[773, 773, 288]",0.0013,0.9887,"[6, 6, 4]",144,0.0556,0.2448,True,,False,13.5,cuda:0,0.6303094625473022
valid_309_a_1.nii.gz,meta,"[1024, 1024, 232]","[0.3418, 0.3418, 1.5]",RAS,"[700, 700, 348]",0.0,0.9971,"[5, 5, 5]",125,0.04,0.2368,True,,False,21.7,cuda:0,0.3101993501186371
valid_189_a_1.nii.gz,meta,"[512, 512, 198]","[0.5703, 0.5703, 1.5]",RAS,"[584, 584, 296]",0.0034,0.9991,"[4, 4, 4]",64,0.0156,0.2394,True,,False,12.7,cuda:0,0.01845189742743969
valid_569_a_2.nii.gz,meta,"[1024, 1024, 117]","[0.3203, 0.3203, 3.0]",RAS,"[656, 656, 349]",0.0057,0.9971,"[5, 5, 5]",125,0.016,0.2422,True,,False,15.5,cuda:0,0.22874195873737335
valid_532_a_2.nii.gz,meta,"[512, 512, 493]","[0.6758, 0.6758, 0.75]",RAS,"[692, 692, 370]",0.0007,0.9997,"[5, 5, 5]",125,0.064,0.2431,True,,False,18.1,cuda:0,0.8840324282646179
valid_477_a_1.nii.gz,meta,"[512, 512, 187]","[0.6836, 0.6836, 1.5]",RAS,"[700, 700, 280]",0.0018,0.9995,"[5, 5, 4]",100,0.01,0.2246,True,,False,10.1,cuda:0,0.6760199069976807
valid_1119_a_1.nii.gz,meta,"[512, 512, 317]","[0.6074, 0.6074, 1.0]",RAS,"[622, 622, 317]",0.0,0.9997,"[4, 4, 4]",64,0.0,0.2465,True,,False,11.8,cuda:0,0.8044732213020325
valid_287_a_2.nii.gz,meta,"[1024, 1024, 226]","[0.3418, 0.3418, 1.5]",RAS,"[700, 700, 338]",0.0029,0.9944,"[5, 5, 5]",125,0.0,0.2291,True,,False,21.4,cuda:0,0.5450863838195801
valid_1146_a_1.nii.gz,meta,"[768, 768, 224]","[0.4635, 0.4635, 1.5]",RAS,"[712, 712, 336]",0.0,0.998,"[5, 5, 5]",125,0.112,0.2416,True,,False,22.5,cuda:0,0.23878374695777893
valid_609_a_1.nii.gz,meta,"[512, 512, 343]","[0.6895, 0.6895, 1.0]",RAS,"[706, 706, 343]",0.0,0.9994,"[5, 5, 5]",125,0.2,0.2396,True,,False,17.8,cuda:0,0.8162121772766113
valid_1069_a_2.nii.gz,meta,"[512, 512, 414]","[0.6758, 0.6758, 0.75]",RAS,"[692, 692, 311]",0.0016,0.9995,"[5, 5, 4]",100,0.01,0.2338,True,,False,13.2,cuda:0,0.7662944793701172
valid_1074_a_1.nii.gz,meta,"[1024, 1024, 210]","[0.3877, 0.3877, 1.5]",RAS,"[794, 794, 314]",0.0032,0.9929,"[6, 6, 4]",144,0.0139,0.2367,True,,False,23.2,cuda:0,0.6036399602890015
valid_853_a_1.nii.gz,meta,"[1024, 1024, 218]","[0.3418, 0.3418, 1.5]",RAS,"[700, 700, 326]",0.0031,0.9955,"[5, 5, 5]",125,0.0,0.2338,True,,False,22.0,cuda:0,0.18695656955242157
valid_1034_a_2.nii.gz,meta,"[1024, 1024, 125]","[0.3213, 0.3213, 3.0]",RAS,"[658, 658, 373]",0.0053,0.9961,"[5, 5, 5]",125,0.008,0.2403,True,,False,18.9,cuda:0,0.1495853066444397
valid_606_b_1.nii.gz,meta,"[512, 512, 339]","[0.6212, 0.6212, 1.0]",RAS,"[636, 636, 339]",0.0001,0.9997,"[4, 4, 5]",80,0.05,0.2453,True,,False,12.6,cuda:0,0.8767880201339722
valid_265_a_2.nii.gz,meta,"[512, 512, 296]","[0.748, 0.748, 1.0]",RAS,"[766, 766, 296]",0.0,0.9953,"[5, 5, 4]",100,0.05,0.2358,True,,False,19.3,cuda:0,0.9867563247680664
valid_1178_a_1.nii.gz,meta,"[512, 512, 268]","[0.6277, 0.6277, 1.0]",RAS,"[643, 643, 268]",0.0004,0.999,"[5, 5, 4]",100,0.0,0.2124,True,,False,14.1,cuda:0,0.9112765192985535
valid_1114_a_1.nii.gz,meta,"[512, 512, 218]","[0.6836, 0.6836, 1.5]",RAS,"[700, 700, 326]",0.0031,0.9987,"[5, 5, 5]",125,0.0,0.2422,True,,False,16.8,cuda:0,0.5215319991111755
valid_550_a_2.nii.gz,meta,"[1024, 1024, 115]","[0.3184, 0.3184, 3.0]",RAS,"[652, 652, 343]",0.0058,0.9961,"[5, 5, 5]",125,0.072,0.2497,True,,False,21.8,cuda:0,0.07385212928056717
valid_148_a_1.nii.gz,meta,"[1024, 1024, 233]","[0.332, 0.332, 1.5]",RAS,"[680, 680, 349]",0.0014,0.9948,"[5, 5, 5]",125,0.008,0.245,True,,False,29.7,cuda:0,0.24147816002368927
valid_39_a_2.nii.gz,meta,"[1024, 1024, 187]","[0.2988, 0.2988, 1.5]",RAS,"[612, 612, 280]",0.0018,0.992,"[4, 4, 4]",64,0.0,0.2366,True,,False,15.7,cuda:0,0.7003660202026367
valid_871_a_1.nii.gz,meta,"[512, 512, 213]","[0.6836, 0.6836, 1.5]",RAS,"[700, 700, 319]",0.0016,0.9996,"[5, 5, 4]",100,0.0,0.2399,True,,False,11.4,cuda:0,0.5061398148536682
valid_346_a_1.nii.gz,meta,"[1024, 1024, 237]","[0.4092, 0.4092, 1.5]",RAS,"[838, 838, 355]",0.0014,0.9957,"[6, 6, 5]",180,0.0667,0.2448,True,,False,39.3,cuda:0,0.33680978417396545
valid_178_a_2.nii.gz,meta,"[512, 512, 450]","[0.7812, 0.7812, 0.75]",RAS,"[799, 799, 338]",0.0015,0.999,"[6, 6, 5]",180,0.1833,0.232,True,,False,18.9,cuda:0,0.9231627583503723
valid_456_b_1.nii.gz,meta,"[512, 512, 279]","[0.8984, 0.8984, 1.0]",RAS,"[919, 919, 279]",0.0011,0.9985,"[7, 7, 4]",196,0.2347,0.2353,True,,False,33.0,cuda:0,0.9831019043922424
valid_679_a_1.nii.gz,meta,"[1024, 1024, 255]","[0.4639, 0.4639, 1.5]",RAS,"[950, 950, 382]",0.0013,0.9936,"[7, 7, 5]",245,0.0367,0.231,True,,False,37.3,cuda:0,0.5455506443977356
valid_830_b_1.nii.gz,meta,"[512, 512, 300]","[0.698, 0.698, 1.0]",RAS,"[714, 714, 300]",0.001,0.9983,"[5, 5, 4]",100,0.0,0.2316,True,,False,14.4,cuda:0,0.9493025541305542
valid_770_a_1.nii.gz,meta,"[512, 512, 212]","[0.6836, 0.6836, 1.5]",RAS,"[700, 700, 318]",0.0,0.9994,"[5, 5, 4]",100,0.0,0.2339,True,,False,16.7,cuda:0,0.44606733322143555
valid_705_a_1.nii.gz,meta,"[1024, 1024, 229]","[0.4883, 0.4883, 1.5]",RAS,"[1000, 1000, 343]",0.0015,0.993,"[7, 7, 5]",245,0.0408,0.2354,True,,False,30.9,cuda:0,0.4731258451938629
valid_1190_a_2.nii.gz,meta,"[512, 512, 221]","[0.7266, 0.7266, 1.5]",RAS,"[744, 744, 331]",0.0015,0.9991,"[5, 5, 5]",125,0.032,0.239,True,,False,16.5,cuda:0,0.6673219799995422
valid_1247_b_2.nii.gz,meta,"[512, 512, 473]","[0.6836, 0.6836, 0.75]",RAS,"[700, 700, 355]",0.0007,0.9996,"[5, 5, 5]",125,0.04,0.238,True,,False,19.0,cuda:0,0.969394326210022
valid_910_a_1.nii.gz,meta,"[1024, 1024, 216]","[0.333, 0.333, 1.5]",RAS,"[682, 682, 324]",0.0,0.9944,"[5, 5, 5]",125,0.032,0.2416,True,,False,27.9,cuda:0,0.5159168243408203
valid_487_a_2.nii.gz,meta,"[512, 512, 505]","[0.6836, 0.6836, 0.75]",RAS,"[700, 700, 379]",0.0007,0.9999,"[5, 5, 5]",125,0.192,0.2371,True,,False,22.5,cuda:0,0.8018115758895874
valid_63_b_2.nii.gz,meta,"[512, 512, 451]","[0.8398, 0.8398, 0.75]",RAS,"[859, 859, 338]",0.0012,0.9989,"[6, 6, 5]",180,0.1,0.2385,True,,False,24.5,cuda:0,0.9593289494514465
valid_425_a_2.nii.gz,meta,"[1024, 1024, 183]","[0.377, 0.377, 3.0]",RAS,"[772, 772, 547]",0.0036,0.9967,"[6, 6, 8]",288,0.0694,0.2349,True,,False,47.1,cuda:0,0.36343491077423096
valid_749_a_2.nii.gz,meta,"[512, 512, 472]","[0.9766, 0.9766, 0.75]",RAS,"[999, 999, 354]",0.001,0.9989,"[7, 7, 5]",245,0.1143,0.23,True,,False,29.0,cuda:0,0.9527673125267029
valid_1289_a_1.nii.gz,meta,"[768, 768, 212]","[0.4141, 0.4141, 1.5]",RAS,"[636, 636, 318]",0.0,0.9946,"[4, 4, 4]",64,0.0,0.2099,True,,False,12.2,cuda:0,0.5362063050270081
valid_918_a_1.nii.gz,meta,"[1024, 1024, 235]","[0.4111, 0.4111, 1.5]",RAS,"[842, 842, 352]",0.0014,0.9964,"[6, 6, 5]",180,0.0111,0.2409,True,,False,39.7,cuda:0,0.4353422224521637
valid_1154_a_1.nii.gz,meta,"[1024, 1024, 178]","[0.3418, 0.3418, 1.5]",RAS,"[700, 700, 266]",0.0037,0.9924,"[5, 5, 4]",100,0.0,0.2321,True,,False,19.5,cuda:0,0.4504048526287079
valid_1023_a_1.nii.gz,meta,"[1024, 1024, 228]","[0.3418, 0.3418, 1.5]",RAS,"[700, 700, 342]",0.0,0.9962,"[5, 5, 5]",125,0.0,0.2412,True,,False,28.0,cuda:0,0.41079965233802795
valid_678_a_2.nii.gz,meta,"[512, 512, 436]","[0.7246, 0.7246, 0.75]",RAS,"[742, 742, 327]",0.0,0.9971,"[5, 5, 5]",125,0.12,0.24,True,,False,24.4,cuda:0,0.805810809135437
valid_1142_a_2.nii.gz,meta,"[512, 512, 471]","[0.623, 0.623, 0.75]",RAS,"[638, 638, 354]",0.0021,0.9993,"[4, 4, 5]",80,0.0,0.2383,True,,False,17.7,cuda:0,0.6424302458763123
valid_1092_a_1.nii.gz,meta,"[1024, 1024, 255]","[0.4131, 0.4131, 1.5]",RAS,"[846, 846, 382]",0.0013,0.9952,"[6, 6, 5]",180,0.0222,0.2272,True,,False,34.4,cuda:0,0.6279795169830322
valid_1136_a_1.nii.gz,meta,"[1024, 1024, 239]","[0.4766, 0.4766, 1.5]",RAS,"[976, 976, 358]",0.0014,0.9949,"[7, 7, 5]",245,0.0612,0.2161,True,,False,46.6,cuda:0,0.4823820888996124
valid_80_a_2.nii.gz,meta,"[512, 512, 541]","[0.6836, 0.6836, 0.75]",RAS,"[700, 700, 406]",0.0006,0.9995,"[5, 5, 6]",150,0.2067,0.2297,True,,False,19.4,cuda:0,0.5780201554298401
valid_347_a_1.nii.gz,meta,"[1024, 1024, 241]","[0.3691, 0.3691, 1.5]",RAS,"[756, 756, 361]",0.0014,0.9945,"[5, 5, 5]",125,0.016,0.2405,True,,False,21.1,cuda:0,0.2583238184452057
valid_793_a_1.nii.gz,meta,"[768, 768, 217]","[0.4635, 0.4635, 1.5]",RAS,"[712, 712, 325]",0.0015,0.9968,"[5, 5, 5]",125,0.016,0.2303,True,,False,22.2,cuda:0,0.5010751485824585
valid_893_a_1.nii.gz,meta,"[1024, 1024, 195]","[0.4883, 0.4883, 1.5]",RAS,"[1000, 1000, 292]",0.0017,0.996,"[7, 7, 4]",196,0.1276,0.2136,True,,False,35.5,cuda:0,0.6072760224342346
valid_1051_a_2.nii.gz,meta,"[512, 512, 179]","[0.7852, 0.7852, 2.0]",RAS,"[803, 803, 357]",0.0028,0.998,"[6, 6, 5]",180,0.0444,0.2339,True,,False,27.2,cuda:0,0.6463810205459595
valid_565_a_2.nii.gz,meta,"[1024, 1024, 231]","[0.3418, 0.3418, 1.5]",RAS,"[700, 700, 346]",0.0014,0.9979,"[5, 5, 5]",125,0.0,0.2272,True,,False,23.2,cuda:0,0.21984203159809113
valid_83_a_2.nii.gz,meta,"[512, 512, 427]","[0.623, 0.623, 0.75]",RAS,"[638, 638, 320]",0.0008,0.9992,"[4, 4, 5]",80,0.05,0.21,True,,False,14.8,cuda:0,0.8947621583938599
valid_512_b_2.nii.gz,meta,"[512, 512, 339]","[0.7299, 0.7299, 1.0]",RAS,"[747, 747, 339]",0.0006,0.9968,"[5, 5, 5]",125,0.0,0.2483,True,,False,16.0,cuda:0,0.8931149244308472
valid_851_a_2.nii.gz,meta,"[512, 512, 447]","[0.623, 0.623, 0.75]",RAS,"[638, 638, 336]",0.0022,0.9991,"[4, 4, 5]",80,0.0,0.2322,True,,False,12.0,cuda:0,0.5179594159126282
valid_229_b_1.nii.gz,meta,"[512, 512, 245]","[0.7188, 0.7188, 1.25]",RAS,"[736, 736, 306]",0.0008,0.9908,"[5, 5, 4]",100,0.03,0.2524,True,,False,15.1,cuda:0,0.8765679597854614
valid_258_a_1.nii.gz,meta,"[1024, 1024, 255]","[0.3516, 0.3516, 1.5]",RAS,"[720, 720, 382]",0.0013,0.9923,"[5, 5, 5]",125,0.016,0.244,True,,False,21.5,cuda:0,0.11639707535505295
valid_971_b_2.nii.gz,meta,"[512, 512, 319]","[0.6543, 0.6543, 1.0]",RAS,"[670, 670, 319]",0.0,0.9957,"[5, 5, 4]",100,0.01,0.2394,True,,False,15.9,cuda:0,0.8688719272613525
valid_468_a_2.nii.gz,meta,"[512, 512, 417]","[0.6562, 0.6562, 0.75]",RAS,"[672, 672, 313]",0.0008,0.9992,"[5, 5, 4]",100,0.03,0.2379,True,,False,16.8,cuda:0,0.32843294739723206
valid_728_a_2.nii.gz,meta,"[512, 512, 487]","[0.832, 0.832, 0.75]",RAS,"[851, 851, 366]",0.0021,0.9953,"[6, 6, 5]",180,0.1611,0.2344,True,,False,26.6,cuda:0,0.8981007933616638
valid_679_a_2.nii.gz,meta,"[512, 512, 509]","[0.9277, 0.9277, 0.75]",RAS,"[949, 949, 382]",0.0011,0.9988,"[7, 7, 5]",245,0.098,0.2295,True,,False,26.3,cuda:0,0.9081236720085144
valid_1206_a_2.nii.gz,meta,"[512, 512, 463]","[0.6367, 0.6367, 0.75]",RAS,"[652, 652, 348]",0.0022,0.999,"[5, 5, 5]",125,0.024,0.2414,True,,False,15.8,cuda:0,0.6351439356803894
valid_492_b_1.nii.gz,meta,"[512, 512, 256]","[0.6602, 0.6602, 1.25]",RAS,"[676, 676, 320]",0.0,0.9915,"[5, 5, 5]",125,0.04,0.2521,True,,False,13.0,cuda:0,0.4283069372177124
valid_1250_a_2.nii.gz,meta,"[512, 512, 390]","[0.7207, 0.7207, 1.0]",RAS,"[738, 738, 390]",0.0,0.995,"[5, 5, 6]",150,0.08,0.2462,True,,False,20.8,cuda:0,0.8113293051719666
valid_72_a_2.nii.gz,meta,"[512, 512, 324]","[0.6843, 0.6843, 1.0]",RAS,"[700, 700, 324]",0.001,0.9913,"[5, 5, 5]",125,0.016,0.2416,True,,False,18.7,cuda:0,0.8598636388778687
valid_1192_b_1.nii.gz,meta,"[512, 512, 238]","[0.8382, 0.8382, 1.0]",RAS,"[858, 858, 238]",0.0004,0.9995,"[6, 6, 3]",108,0.2315,0.2311,True,,False,20.1,cuda:0,0.9750440120697021
valid_563_a_2.nii.gz,meta,"[512, 512, 444]","[0.6836, 0.6836, 0.75]",RAS,"[700, 700, 333]",0.0,0.9996,"[5, 5, 5]",125,0.112,0.2268,True,,False,24.3,cuda:0,0.8785098791122437
valid_258_d_2.nii.gz,meta,"[512, 512, 448]","[0.8008, 0.8008, 0.75]",RAS,"[819, 819, 336]",0.0012,0.9986,"[6, 6, 5]",180,0.2,0.2397,True,,False,24.9,cuda:0,0.9408397674560547
valid_694_b_1.nii.gz,meta,"[512, 512, 236]","[0.7109, 0.7109, 1.25]",RAS,"[728, 728, 295]",0.0,0.99,"[5, 5, 4]",100,0.0,0.2433,True,,False,18.2,cuda:0,0.7574664354324341
valid_246_a_2.nii.gz,meta,"[512, 512, 382]","[0.7378, 0.7378, 1.0]",RAS,"[755, 755, 382]",0.0006,0.9968,"[5, 5, 5]",125,0.008,0.242,True,,False,21.9,cuda:0,0.9730077385902405
valid_427_a_2.nii.gz,meta,"[512, 512, 283]","[0.8006, 0.8006, 1.0]",RAS,"[819, 819, 283]",0.001,0.9928,"[6, 6, 4]",144,0.1111,0.2322,True,,False,15.0,cuda:0,0.906401515007019
valid_14_a_1.nii.gz,meta,"[1024, 1024, 258]","[0.3789, 0.3789, 1.5]",RAS,"[776, 776, 386]",0.0026,0.9914,"[6, 6, 6]",216,0.0139,0.2409,True,,False,38.4,cuda:0,0.492297500371933
valid_748_a_2.nii.gz,meta,"[512, 512, 462]","[0.6699, 0.6699, 0.75]",RAS,"[686, 686, 347]",0.0014,0.9995,"[5, 5, 5]",125,0.04,0.2418,True,,False,23.0,cuda:0,0.8824779987335205
valid_725_a_1.nii.gz,meta,"[1024, 1024, 256]","[0.3857, 0.3857, 1.5]",RAS,"[790, 790, 384]",0.0,0.996,"[6, 6, 6]",216,0.0787,0.2282,True,,False,39.8,cuda:0,0.41287660598754883
valid_343_a_1.nii.gz,meta,"[1024, 1024, 261]","[0.3467, 0.3467, 1.5]",RAS,"[710, 710, 391]",0.0013,0.9953,"[5, 5, 6]",150,0.2,0.2416,True,,False,28.3,cuda:0,-0.382698118686676
valid_78_a_2.nii.gz,meta,"[512, 512, 509]","[0.8301, 0.8301, 0.75]",RAS,"[849, 849, 382]",0.0012,0.9993,"[6, 6, 5]",180,0.1056,0.2401,True,,False,31.3,cuda:0,0.9865325093269348
valid_812_a_2.nii.gz,meta,"[512, 512, 412]","[0.6289, 0.6289, 0.75]",RAS,"[644, 644, 309]",0.0,0.9995,"[5, 5, 4]",100,0.03,0.2334,True,,False,14.9,cuda:0,0.5777481198310852
valid_128_a_2.nii.gz,meta,"[512, 512, 429]","[0.7031, 0.7031, 0.75]",RAS,"[720, 720, 322]",0.0008,0.9995,"[5, 5, 5]",125,0.024,0.2352,True,,False,15.0,cuda:0,0.8636096715927124
valid_144_a_1.nii.gz,meta,"[768, 768, 243]","[0.5599, 0.5599, 1.5001]",RAS,"[860, 860, 364]",0.0014,0.9965,"[6, 6, 5]",180,0.0778,0.2351,True,,False,27.1,cuda:0,0.7199062705039978
valid_1255_a_1.nii.gz,meta,"[768, 768, 189]","[0.3906, 0.3906, 1.5]",RAS,"[600, 600, 283]",0.0018,0.9979,"[4, 4, 4]",64,0.0,0.2354,True,,False,14.8,cuda:0,0.31125587224960327
valid_752_a_1.nii.gz,meta,"[512, 512, 231]","[0.793, 0.793, 1.5]",RAS,"[811, 811, 346]",0.0014,0.9991,"[6, 6, 5]",180,0.2111,0.24,True,,False,16.6,cuda:0,0.7738202810287476
valid_396_a_1.nii.gz,meta,"[768, 768, 217]","[0.4036, 0.4036, 1.5]",RAS,"[620, 620, 325]",0.0015,0.9974,"[4, 4, 5]",80,0.0,0.2401,True,,False,15.3,cuda:0,0.47315385937690735
valid_804_a_2.nii.gz,meta,"[512, 512, 464]","[0.8164, 0.8164, 0.75]",RAS,"[835, 835, 348]",0.0012,0.9984,"[6, 6, 5]",180,0.0111,0.236,True,,False,27.6,cuda:0,0.8914787173271179
valid_1028_a_1.nii.gz,meta,"[1024, 1024, 228]","[0.3662, 0.3662, 1.5]",RAS,"[750, 750, 342]",0.0,0.9856,"[5, 5, 5]",125,0.0,0.2352,True,,False,20.8,cuda:0,0.5851384401321411
valid_242_a_1.nii.gz,meta,"[512, 512, 233]","[0.6836, 0.6836, 1.5]",RAS,"[700, 700, 349]",0.0014,0.9996,"[5, 5, 5]",125,0.0,0.2384,True,,False,14.0,cuda:0,0.7897726893424988
valid_612_a_2.nii.gz,meta,"[512, 512, 425]","[0.6836, 0.6836, 0.75]",RAS,"[700, 700, 319]",0.0008,0.9995,"[5, 5, 4]",100,0.2,0.2374,True,,False,14.6,cuda:0,0.6969025731086731
valid_565_b_2.nii.gz,meta,"[1024, 1024, 219]","[0.3418, 0.3418, 1.5]",RAS,"[700, 700, 328]",0.0015,0.9977,"[5, 5, 5]",125,0.024,0.2275,True,,False,19.7,cuda:0,0.20577538013458252
valid_1263_a_1.nii.gz,meta,"[1024, 1024, 258]","[0.374, 0.374, 1.5]",RAS,"[766, 766, 386]",0.0026,0.9929,"[5, 5, 6]",150,0.0333,0.2393,True,,False,24.1,cuda:0,0.34528857469558716
valid_446_a_1.nii.gz,meta,"[1024, 1024, 205]","[0.3418, 0.3418, 1.5]",RAS,"[700, 700, 307]",0.0016,0.9961,"[5, 5, 4]",100,0.06,0.2401,True,,False,18.3,cuda:0,0.09128259867429733
valid_1300_a_1.nii.gz,meta,"[1024, 1024, 210]","[0.3262, 0.3262, 1.5]",RAS,"[668, 668, 314]",0.0032,0.9956,"[5, 5, 4]",100,0.13,0.2335,True,,False,18.2,cuda:0,0.031076543033123016
valid_1101_a_2.nii.gz,meta,"[512, 512, 273]","[0.8184, 0.8184, 1.25]",RAS,"[837, 837, 341]",0.0012,0.9969,"[6, 6, 5]",180,0.0722,0.2373,True,,False,24.4,cuda:0,0.9541460275650024
valid_35_a_1.nii.gz,meta,"[512, 512, 195]","[0.6836, 0.6836, 1.5]",RAS,"[700, 700, 292]",0.0017,0.9996,"[5, 5, 4]",100,0.01,0.2373,True,,False,12.3,cuda:0,0.7712404727935791
valid_978_a_2.nii.gz,meta,"[512, 512, 479]","[0.709, 0.709, 0.75]",RAS,"[726, 726, 360]",0.0021,0.9964,"[5, 5, 5]",125,0.04,0.2418,True,,False,21.8,cuda:0,0.9234572649002075
valid_661_a_1.nii.gz,meta,"[512, 512, 248]","[0.5879, 0.5879, 1.51]",RAS,"[602, 602, 374]",0.0013,0.9995,"[4, 4, 5]",80,0.2125,0.2448,True,,False,15.6,cuda:0,0.6451606154441833
valid_565_b_1.nii.gz,meta,"[512, 512, 219]","[0.6836, 0.6836, 1.5]",RAS,"[700, 700, 328]",0.0015,0.9996,"[5, 5, 5]",125,0.064,0.225,True,,False,16.2,cuda:0,0.21730612218379974
valid_1149_a_1.nii.gz,meta,"[768, 768, 228]","[0.457, 0.457, 1.5]",RAS,"[702, 702, 342]",0.0,0.9962,"[5, 5, 5]",125,0.04,0.2352,True,,False,22.0,cuda:0,0.31191107630729675
valid_1125_a_1.nii.gz,meta,"[512, 512, 228]","[0.7402, 0.7402, 1.5]",RAS,"[758, 758, 342]",0.0,0.9994,"[5, 5, 5]",125,0.0,0.2314,True,,False,19.9,cuda:0,0.639426052570343
valid_518_a_1.nii.gz,meta,"[512, 512, 238]","[0.8204, 0.8204, 1.0]",RAS,"[839, 839, 238]",0.0014,0.9954,"[6, 6, 3]",108,0.0,0.2226,True,,False,16.8,cuda:0,0.968553900718689
valid_773_a_1.nii.gz,meta,"[1024, 1024, 255]","[0.3984, 0.3984, 1.5]",RAS,"[816, 816, 382]",0.0013,0.9957,"[6, 6, 5]",180,0.0056,0.2408,True,,False,33.9,cuda:0,0.53585284948349
valid_918_a_2.nii.gz,meta,"[512, 512, 469]","[0.8223, 0.8223, 0.75]",RAS,"[841, 841, 352]",0.0012,0.9983,"[6, 6, 5]",180,0.0778,0.2393,True,,False,28.0,cuda:0,0.9152584671974182
valid_636_b_2.nii.gz,meta,"[512, 512, 386]","[0.6797, 0.6797, 0.75]",RAS,"[696, 696, 290]",0.0017,0.9999,"[5, 5, 4]",100,0.18,0.245,True,,False,18.3,cuda:0,0.8966495990753174
valid_1264_a_2.nii.gz,meta,"[512, 512, 363]","[0.7285, 0.7285, 0.75]",RAS,"[746, 746, 272]",0.0009,0.9992,"[5, 5, 4]",100,0.04,0.2345,True,,False,16.6,cuda:0,0.6781032085418701
valid_885_a_1.nii.gz,meta,"[1024, 1024, 196]","[0.3623, 0.3623, 1.5]",RAS,"[742, 742, 294]",0.0,0.9976,"[5, 5, 4]",100,0.01,0.2306,True,,False,27.8,cuda:0,0.5656895637512207
valid_1235_b_2.nii.gz,meta,"[512, 512, 478]","[0.6836, 0.6836, 0.75]",RAS,"[700, 700, 359]",0.0014,0.9994,"[5, 5, 5]",125,0.152,0.2315,True,,False,17.5,cuda:0,0.40424609184265137
valid_467_a_2.nii.gz,meta,"[512, 512, 495]","[0.834, 0.834, 0.75]",RAS,"[853, 853, 372]",0.002,0.9985,"[6, 6, 5]",180,0.0889,0.242,True,,False,25.0,cuda:0,0.9496570825576782
valid_854_a_1.nii.gz,meta,"[512, 512, 231]","[0.5478, 0.5478, 1.25]",RAS,"[561, 561, 288]",0.0026,0.992,"[4, 4, 4]",64,0.0,0.2515,True,,False,12.0,cuda:0,0.7046021819114685
valid_1096_a_2.nii.gz,meta,"[512, 512, 501]","[0.6836, 0.6836, 0.75]",RAS,"[700, 700, 376]",0.0007,0.9997,"[5, 5, 5]",125,0.064,0.2421,True,,False,16.1,cuda:0,0.6699550747871399
valid_1212_a_2.nii.gz,meta,"[1024, 1024, 119]","[0.3184, 0.3184, 3.0]",RAS,"[652, 652, 355]",0.0056,0.993,"[5, 5, 5]",125,0.0,0.2223,True,,False,14.1,cuda:0,0.37631213665008545
valid_417_a_5.nii.gz,meta,"[512, 512, 515]","[0.7051, 0.7051, 0.75]",RAS,"[722, 722, 386]",0.0006,0.9992,"[5, 5, 6]",150,0.02,0.2332,True,,False,21.8,cuda:0,0.7035967707633972
valid_671_a_1.nii.gz,meta,"[1024, 1024, 212]","[0.3418, 0.3418, 1.5]",RAS,"[700, 700, 318]",0.0,0.9937,"[5, 5, 4]",100,0.0,0.2339,True,,False,25.1,cuda:0,0.4506992995738983
valid_671_a_2.nii.gz,meta,"[512, 512, 424]","[0.6836, 0.6836, 0.75]",RAS,"[700, 700, 318]",0.0,0.9997,"[5, 5, 4]",100,0.0,0.2321,True,,False,18.4,cuda:0,0.91221684217453
valid_143_a_2.nii.gz,meta,"[512, 512, 529]","[0.8242, 0.8242, 0.75]",RAS,"[843, 843, 397]",0.0012,0.9988,"[6, 6, 6]",216,0.1481,0.2364,True,,False,32.5,cuda:0,0.9435463547706604
valid_210_a_2.nii.gz,meta,"[512, 512, 486]","[0.7832, 0.7832, 0.75]",RAS,"[801, 801, 365]",0.0014,0.9987,"[6, 6, 5]",180,0.1611,0.2379,True,,False,28.5,cuda:0,0.9348310232162476
valid_1151_a_2.nii.gz,meta,"[512, 512, 268]","[0.6089, 0.6089, 1.0]",RAS,"[623, 623, 268]",0.0008,0.9908,"[4, 4, 4]",64,0.0,0.2319,True,,False,9.3,cuda:0,0.6320459246635437
valid_369_a_1.nii.gz,meta,"[512, 512, 229]","[0.6094, 0.6094, 1.25]",RAS,"[624, 624, 286]",0.0009,0.9936,"[4, 4, 4]",64,0.0469,0.2548,True,,False,10.4,cuda:0,0.8550726771354675
valid_618_a_2.nii.gz,meta,"[512, 512, 433]","[0.709, 0.709, 0.75]",RAS,"[726, 726, 325]",0.0008,0.9992,"[5, 5, 5]",125,0.04,0.2331,True,,False,20.1,cuda:0,0.8772839903831482
valid_247_a_1.nii.gz,meta,"[512, 512, 206]","[0.5898, 0.5898, 1.5]",RAS,"[604, 604, 308]",0.0032,0.9986,"[4, 4, 4]",64,0.0,0.2255,True,,False,10.9,cuda:0,0.42605796456336975
valid_951_a_1.nii.gz,meta,"[1024, 1024, 251]","[0.3691, 0.3691, 1.5]",RAS,"[756, 756, 376]",0.0013,0.9966,"[5, 5, 5]",125,0.016,0.2326,True,,False,23.3,cuda:0,0.3737272620201111
valid_553_a_2.nii.gz,meta,"[1024, 1024, 125]","[0.3418, 0.3418, 3.0]",RAS,"[700, 700, 373]",0.0053,0.9982,"[5, 5, 5]",125,0.2,0.2442,True,,False,22.5,cuda:0,0.12452627718448639
valid_188_a_2.nii.gz,meta,"[512, 512, 400]","[0.6602, 0.6602, 0.75]",RAS,"[676, 676, 300]",0.0,0.9994,"[5, 5, 4]",100,0.01,0.2319,True,,False,15.8,cuda:0,0.7695581316947937
valid_981_a_1.nii.gz,meta,"[512, 512, 196]","[0.752, 0.752, 1.5]",RAS,"[769, 769, 294]",0.0013,0.9975,"[6, 6, 4]",144,0.0208,0.2329,True,,False,16.7,cuda:0,0.1716620922088623
valid_107_a_1.nii.gz,meta,"[1024, 1024, 240]","[0.4014, 0.4014, 1.5]",RAS,"[822, 822, 360]",0.0,0.9941,"[6, 6, 5]",180,0.05,0.243,True,,False,33.9,cuda:0,0.5241865515708923
valid_899_a_2.nii.gz,meta,"[512, 512, 466]","[0.7695, 0.7695, 0.75]",RAS,"[787, 787, 350]",0.0014,0.9979,"[6, 6, 5]",180,0.2389,0.2362,True,,False,28.5,cuda:0,0.946251630783081
valid_610_a_1.nii.gz,meta,"[512, 512, 292]","[0.7119, 0.7119, 1.0]",RAS,"[729, 729, 292]",0.0,0.9994,"[5, 5, 4]",100,0.18,0.2381,True,,False,17.1,cuda:0,0.8837859630584717
valid_727_a_2.nii.gz,meta,"[512, 512, 343]","[0.7899, 0.7899, 1.0]",RAS,"[808, 808, 343]",0.0011,0.9929,"[6, 6, 5]",180,0.15,0.2349,True,,False,28.1,cuda:0,0.9553089737892151
valid_824_b_1.nii.gz,meta,"[512, 512, 219]","[0.7969, 0.7969, 1.5]",RAS,"[815, 815, 328]",0.0015,0.9915,"[6, 6, 5]",180,0.0333,0.2334,True,,False,18.3,cuda:0,0.7242891788482666
valid_493_b_2.nii.gz,meta,"[512, 512, 271]","[0.716, 0.716, 1.25]",RAS,"[733, 733, 338]",0.0022,0.9986,"[5, 5, 5]",125,0.008,0.2439,True,,False,14.4,cuda:0,0.9695467352867126
valid_426_a_2.nii.gz,meta,"[512, 512, 440]","[0.6836, 0.6836, 0.75]",RAS,"[700, 700, 330]",0.0,0.9997,"[5, 5, 5]",125,0.048,0.242,True,,False,16.4,cuda:0,0.7518680095672607
valid_838_a_2.nii.gz,meta,"[512, 512, 416]","[0.7246, 0.7246, 0.75]",RAS,"[742, 742, 312]",0.0,0.9995,"[5, 5, 4]",100,0.03,0.2347,True,,False,19.7,cuda:0,0.8136075735092163
valid_646_a_2.nii.gz,meta,"[512, 512, 459]","[0.666, 0.666, 0.75]",RAS,"[682, 682, 344]",0.0007,0.9991,"[5, 5, 5]",125,0.232,0.2316,True,,False,20.3,cuda:0,0.6391860246658325
valid_1016_e_2.nii.gz,meta,"[512, 512, 288]","[0.6348, 0.6348, 1.0]",RAS,"[650, 650, 288]",0.0,0.996,"[5, 5, 4]",100,0.05,0.2367,True,,False,13.6,cuda:0,0.8948484063148499
valid_956_a_1.nii.gz,meta,"[1024, 1024, 196]","[0.3418, 0.3418, 1.5]",RAS,"[700, 700, 294]",0.0,0.9945,"[5, 5, 4]",100,0.0,0.2351,True,,False,21.1,cuda:0,0.10471285879611969
valid_976_a_2.nii.gz,meta,"[512, 512, 480]","[0.8047, 0.8047, 0.75]",RAS,"[823, 823, 360]",0.0012,0.9988,"[6, 6, 5]",180,0.1889,0.2269,True,,False,29.4,cuda:0,0.9450325965881348
valid_859_a_2.nii.gz,meta,"[512, 512, 493]","[0.752, 0.752, 0.75]",RAS,"[769, 769, 370]",0.0013,0.9981,"[6, 6, 5]",180,0.0889,0.2382,True,,False,22.1,cuda:0,0.9000676274299622
valid_855_a_2.nii.gz,meta,"[512, 512, 509]","[0.6836, 0.6836, 0.75]",RAS,"[700, 700, 382]",0.0007,0.9995,"[5, 5, 5]",125,0.0,0.2357,True,,False,16.8,cuda:0,0.9385796785354614
valid_778_a_2.nii.gz,meta,"[1024, 1024, 109]","[0.4102, 0.4102, 3.0]",RAS,"[840, 840, 325]",0.0061,0.9971,"[6, 6, 5]",180,0.0056,0.243,True,,False,28.4,cuda:0,0.2444891631603241
valid_248_a_2.nii.gz,meta,"[512, 512, 465]","[0.7207, 0.7207, 0.75]",RAS,"[738, 738, 349]",0.0007,0.9997,"[5, 5, 5]",125,0.104,0.2401,True,,False,20.3,cuda:0,0.9278351664543152
valid_475_a_2.nii.gz,meta,"[512, 512, 469]","[0.7051, 0.7051, 0.75]",RAS,"[722, 722, 352]",0.0007,1.0,"[5, 5, 5]",125,0.08,0.246,True,,False,21.7,cuda:0,0.9156427979469299
valid_248_a_1.nii.gz,meta,"[1024, 1024, 233]","[0.3604, 0.3604, 1.5]",RAS,"[738, 738, 349]",0.0014,0.9957,"[5, 5, 5]",125,0.056,0.2413,True,,False,21.7,cuda:0,0.1588566154241562
valid_902_a_1.nii.gz,meta,"[1024, 1024, 268]","[0.4316, 0.4316, 1.5]",RAS,"[884, 884, 402]",0.0,0.9952,"[6, 6, 6]",216,0.037,0.2422,True,,False,44.3,cuda:0,0.6577715277671814
valid_417_a_2.nii.gz,meta,"[512, 512, 143]","[0.5059, 0.5059, 1.5]",RAS,"[518, 518, 214]",0.0023,0.9997,"[4, 4, 3]",48,0.0833,0.256,True,,False,6.3,cuda:0,0.8266485929489136
valid_357_d_2.nii.gz,meta,"[512, 512, 576]","[0.8066, 0.8066, 0.75]",RAS,"[825, 825, 432]",0.0012,0.9982,"[6, 6, 6]",216,0.0324,0.2358,True,,False,34.6,cuda:0,0.9223963618278503
valid_564_a_1.nii.gz,meta,"[1024, 1024, 215]","[0.3086, 0.3086, 1.5]",RAS,"[632, 632, 322]",0.0016,0.997,"[4, 4, 5]",80,0.0,0.24,True,,False,18.5,cuda:0,0.34949791431427
valid_573_a_2.nii.gz,meta,"[512, 512, 305]","[0.6352, 0.6352, 1.0]",RAS,"[650, 650, 305]",0.0007,0.9953,"[5, 5, 4]",100,0.07,0.2409,True,,False,11.5,cuda:0,0.8940165638923645
valid_669_a_1.nii.gz,meta,"[1024, 1024, 216]","[0.3193, 0.3193, 1.5]",RAS,"[654, 654, 324]",0.0,0.9972,"[5, 5, 5]",125,0.144,0.241,True,,False,26.5,cuda:0,0.029275789856910706
valid_330_a_1.nii.gz,meta,"[512, 512, 288]","[0.7147, 0.7147, 1.25]",RAS,"[731, 731, 360]",0.0012,0.9876,"[5, 5, 5]",125,0.112,0.2446,True,,False,18.5,cuda:0,0.7887476086616516
valid_300_a_1.nii.gz,meta,"[512, 512, 358]","[0.7702, 0.7702, 1.0]",RAS,"[788, 788, 358]",0.0009,0.999,"[6, 6, 5]",180,0.1056,0.2447,True,,False,28.8,cuda:0,0.9456382989883423
valid_597_a_1.nii.gz,meta,"[512, 512, 317]","[0.616, 0.616, 1.0]",RAS,"[631, 631, 317]",0.0003,0.9986,"[4, 4, 4]",64,0.0,0.2391,True,,False,10.9,cuda:0,0.7163213491439819
valid_1060_a_1.nii.gz,meta,"[512, 512, 339]","[0.7816, 0.7816, 1.0]",RAS,"[800, 800, 339]",0.0004,0.9998,"[6, 6, 5]",180,0.1444,0.2302,True,,False,19.6,cuda:0,0.9249454140663147
valid_53_a_1.nii.gz,meta,"[1024, 1024, 209]","[0.4521, 0.4521, 1.5]",RAS,"[926, 926, 313]",0.0016,0.9934,"[7, 7, 4]",196,0.051,0.2379,True,,False,38.4,cuda:0,0.5535342693328857
valid_715_b_2.nii.gz,meta,"[512, 512, 544]","[0.6934, 0.6934, 0.75]",RAS,"[710, 710, 408]",0.0,0.9995,"[5, 5, 6]",150,0.0333,0.2419,True,,False,18.3,cuda:0,0.810804545879364
valid_785_a_1.nii.gz,meta,"[1024, 1024, 260]","[0.3418, 0.3418, 1.5]",RAS,"[700, 700, 390]",0.0,0.9963,"[5, 5, 6]",150,0.0867,0.239,True,,False,28.7,cuda:0,0.14075984060764313
valid_1006_a_1.nii.gz,meta,"[512, 512, 200]","[0.7042, 0.7042, 1.25]",RAS,"[721, 721, 250]",0.0002,0.9947,"[5, 5, 3]",75,0.0,0.2441,True,,False,8.9,cuda:0,0.8703526854515076
valid_262_a_1.nii.gz,meta,"[512, 512, 231]","[0.6836, 0.6836, 1.5]",RAS,"[700, 700, 346]",0.0014,0.9996,"[5, 5, 5]",125,0.04,0.2369,True,,False,18.5,cuda:0,0.8588478565216064
valid_140_a_1.nii.gz,meta,"[512, 512, 216]","[0.7747, 0.7747, 1.25]",RAS,"[793, 793, 270]",0.0004,0.9949,"[6, 6, 4]",144,0.0764,0.2466,True,,False,24.0,cuda:0,0.8258900046348572
valid_1016_d_1.nii.gz,meta,"[512, 512, 295]","[0.6877, 0.6877, 1.0]",RAS,"[704, 704, 295]",0.0003,0.9997,"[5, 5, 4]",100,0.05,0.2338,True,,False,12.1,cuda:0,0.9111747145652771
valid_185_a_1.nii.gz,meta,"[1024, 1024, 213]","[0.3809, 0.3809, 1.5]",RAS,"[780, 780, 319]",0.0016,0.9887,"[6, 6, 4]",144,0.0,0.2264,True,,False,25.6,cuda:0,0.4706038534641266
valid_693_a_1.nii.gz,meta,"[1024, 1024, 212]","[0.3418, 0.3418, 1.5]",RAS,"[700, 700, 318]",0.0,0.9933,"[5, 5, 4]",100,0.0,0.2261,True,,False,21.2,cuda:0,0.44373130798339844
valid_322_a_2.nii.gz,meta,"[512, 512, 241]","[0.7186, 0.7186, 1.25]",RAS,"[735, 735, 301]",0.0011,0.9975,"[5, 5, 4]",100,0.02,0.2379,True,,False,14.6,cuda:0,0.9002179503440857
valid_437_b_2.nii.gz,meta,"[512, 512, 1005]","[0.9043, 0.9043, 0.75]",RAS,"[925, 925, 754]",0.0011,0.9991,"[7, 7, 11]",539,0.3469,0.2217,True,,False,77.4,cuda:0,0.8195475339889526
valid_175_a_2.nii.gz,meta,"[512, 512, 417]","[0.793, 0.793, 0.75]",RAS,"[811, 811, 313]",0.0012,0.9987,"[6, 6, 4]",144,0.1042,0.2385,True,,False,18.8,cuda:0,0.7602540850639343
valid_1249_a_1.nii.gz,meta,"[512, 512, 220]","[0.752, 0.752, 1.5]",RAS,"[769, 769, 330]",0.0013,0.9986,"[6, 6, 5]",180,0.0611,0.2348,True,,False,21.8,cuda:0,0.8834226131439209
valid_339_a_1.nii.gz,meta,"[512, 512, 234]","[0.7461, 0.7461, 1.5]",RAS,"[764, 764, 350]",0.0028,0.9994,"[5, 5, 5]",125,0.208,0.224,True,,False,22.5,cuda:0,0.7995298504829407
valid_828_a_1.nii.gz,meta,"[1024, 1024, 255]","[0.4883, 0.4883, 1.5]",RAS,"[1000, 1000, 382]",0.0013,0.9954,"[7, 7, 5]",245,0.049,0.2318,True,,False,37.8,cuda:0,0.45431098341941833
valid_397_a_1.nii.gz,meta,"[512, 512, 221]","[0.7109, 0.7109, 1.25]",RAS,"[728, 728, 276]",0.0009,0.9923,"[5, 5, 4]",100,0.04,0.2454,True,,False,13.5,cuda:0,0.8603442907333374
valid_764_a_2.nii.gz,meta,"[512, 512, 329]","[0.7699, 0.7699, 1.0]",RAS,"[788, 788, 329]",0.0005,0.9976,"[6, 6, 5]",180,0.1333,0.2368,True,,False,22.8,cuda:0,0.9216740727424622
valid_725_a_2.nii.gz,meta,"[512, 512, 512]","[0.7715, 0.7715, 0.75]",RAS,"[789, 789, 384]",0.0013,0.9988,"[6, 6, 6]",216,0.2593,0.2285,True,,False,32.1,cuda:0,0.9701904654502869
valid_417_a_4.nii.gz,meta,"[512, 512, 213]","[0.5059, 0.5059, 1.0]",RAS,"[518, 518, 213]",0.0,0.9995,"[4, 4, 3]",48,0.0833,0.2628,True,,False,7.8,cuda:0,0.745245099067688
valid_702_a_1.nii.gz,meta,"[512, 512, 376]","[0.6945, 0.6945, 1.0]",RAS,"[711, 711, 376]",0.0003,0.9998,"[5, 5, 5]",125,0.016,0.2469,True,,False,17.7,cuda:0,0.6014748811721802
valid_1084_a_1.nii.gz,meta,"[1024, 1024, 228]","[0.3838, 0.3838, 1.5]",RAS,"[786, 786, 342]",0.0,0.9956,"[6, 6, 5]",180,0.0,0.2375,True,,False,23.3,cuda:0,0.5477433800697327
valid_1198_a_2.nii.gz,meta,"[512, 512, 550]","[0.752, 0.752, 0.75]",RAS,"[769, 769, 413]",0.0013,0.9973,"[6, 6, 6]",216,0.2731,0.1975,True,,False,24.2,cuda:0,0.7948765158653259
valid_684_a_1.nii.gz,meta,"[1024, 1024, 255]","[0.3779, 0.3779, 1.5]",RAS,"[774, 774, 382]",0.0013,0.9913,"[6, 6, 5]",180,0.0,0.2399,True,,False,27.6,cuda:0,0.2866020202636719
valid_338_a_2.nii.gz,meta,"[512, 512, 437]","[0.7344, 0.7344, 0.75]",RAS,"[752, 752, 328]",0.0008,0.9994,"[5, 5, 5]",125,0.024,0.2385,True,,False,18.4,cuda:0,0.747426450252533
valid_220_a_1.nii.gz,meta,"[512, 512, 238]","[0.7065, 0.7065, 1.25]",RAS,"[723, 723, 297]",0.0017,0.9916,"[5, 5, 4]",100,0.04,0.2374,True,,False,18.2,cuda:0,0.6233996748924255
valid_208_a_3.nii.gz,meta,"[1024, 1024, 249]","[0.4209, 0.4209, 1.5]",RAS,"[862, 862, 373]",0.0013,0.9975,"[6, 6, 5]",180,0.1778,0.2124,True,,False,28.1,cuda:0,-0.3459320664405823
valid_774_a_1.nii.gz,meta,"[512, 512, 230]","[0.7383, 0.7383, 1.5]",RAS,"[756, 756, 344]",0.0029,0.9986,"[5, 5, 5]",125,0.0,0.242,True,,False,21.4,cuda:0,0.6717121601104736
valid_1133_a_1.nii.gz,meta,"[1024, 1024, 222]","[0.3418, 0.3418, 1.5]",RAS,"[700, 700, 332]",0.003,0.9959,"[5, 5, 5]",125,0.088,0.2408,True,,False,25.2,cuda:0,-0.2009114921092987
valid_33_a_2.nii.gz,meta,"[512, 512, 334]","[0.7067, 0.7067, 1.0]",RAS,"[723, 723, 334]",0.001,0.9938,"[5, 5, 5]",125,0.088,0.2464,True,,False,15.0,cuda:0,0.9618802666664124
valid_250_f_2.nii.gz,meta,"[512, 512, 398]","[0.7246, 0.7246, 0.75]",RAS,"[742, 742, 299]",0.0017,0.9992,"[5, 5, 4]",100,0.02,0.2401,True,,False,21.4,cuda:0,0.9406448602676392
valid_570_a_1.nii.gz,meta,"[768, 768, 225]","[0.4688, 0.4688, 1.5]",RAS,"[720, 720, 337]",0.0015,0.9979,"[5, 5, 5]",125,0.016,0.2384,True,,False,18.5,cuda:0,0.559298574924469
valid_323_a_2.nii.gz,meta,"[512, 512, 172]","[0.8086, 0.8086, 1.5]",RAS,"[827, 827, 258]",0.0012,0.9979,"[6, 6, 4]",144,0.1042,0.2397,True,,False,13.5,cuda:0,0.9025989174842834
valid_569_b_2.nii.gz,meta,"[512, 512, 154]","[0.5098, 0.5098, 1.5]",RAS,"[522, 522, 230]",0.0043,0.9989,"[4, 4, 3]",48,0.1667,0.2601,True,,False,5.4,cuda:0,0.807142436504364
valid_26_a_2.nii.gz,meta,"[512, 512, 245]","[0.6544, 0.6544, 1.25]",RAS,"[670, 670, 306]",0.0008,0.9995,"[5, 5, 4]",100,0.07,0.2341,True,,False,14.8,cuda:0,0.7435214519500732
valid_740_a_2.nii.gz,meta,"[1024, 1024, 222]","[0.3418, 0.3418, 1.5]",RAS,"[700, 700, 332]",0.003,0.9876,"[5, 5, 5]",125,0.0,0.2302,True,,False,22.3,cuda:0,0.2520422637462616
valid_1220_a_2.nii.gz,meta,"[512, 512, 172]","[0.6621, 0.6621, 2.0]",RAS,"[678, 678, 343]",0.0029,0.9994,"[5, 5, 5]",125,0.0,0.2387,True,,False,17.4,cuda:0,0.5909969210624695
valid_568_a_1.nii.gz,meta,"[512, 512, 256]","[0.6706, 0.6706, 1.25]",RAS,"[686, 686, 320]",0.0009,0.9901,"[5, 5, 5]",125,0.0,0.2439,True,,False,16.0,cuda:0,0.4706279933452606
valid_641_a_1.nii.gz,meta,"[768, 768, 214]","[0.5, 0.5, 1.5]",RAS,"[768, 768, 320]",0.0031,0.999,"[6, 6, 5]",180,0.1889,0.2376,True,,False,22.3,cuda:0,0.5969111323356628
valid_497_a_1.nii.gz,meta,"[512, 512, 278]","[0.75, 0.75, 1.25]",RAS,"[768, 768, 347]",0.0014,0.99,"[6, 6, 5]",180,0.0556,0.2511,True,,False,17.6,cuda:0,0.735971212387085
valid_1089_a_2.nii.gz,meta,"[512, 512, 509]","[0.7539, 0.7539, 0.75]",RAS,"[771, 771, 382]",0.0013,0.9986,"[6, 6, 5]",180,0.2389,0.2376,True,,False,28.6,cuda:0,0.8144249320030212
valid_670_a_1.nii.gz,meta,"[768, 768, 258]","[0.4727, 0.4727, 1.5]",RAS,"[726, 726, 386]",0.0026,0.9976,"[5, 5, 6]",150,0.0467,0.24,True,,False,19.3,cuda:0,0.5131339430809021
valid_135_a_2.nii.gz,meta,"[512, 512, 336]","[0.6707, 0.6707, 1.0]",RAS,"[686, 686, 336]",0.0012,0.9919,"[5, 5, 5]",125,0.088,0.2391,True,,False,17.4,cuda:0,0.7867618203163147
valid_1085_a_1.nii.gz,meta,"[512, 512, 232]","[0.7266, 0.7266, 1.5]",RAS,"[744, 744, 348]",0.0,0.998,"[5, 5, 5]",125,0.048,0.241,True,,False,13.6,cuda:0,0.530367374420166
valid_1137_a_1.nii.gz,meta,"[768, 768, 232]","[0.3906, 0.3906, 1.5]",RAS,"[600, 600, 348]",0.0,0.9954,"[4, 4, 5]",80,0.0,0.2354,True,,False,20.3,cuda:0,0.056035421788692474
valid_898_a_2.nii.gz,meta,"[1024, 1024, 108]","[0.3418, 0.3418, 3.0]",RAS,"[700, 700, 322]",0.0062,0.998,"[5, 5, 5]",125,0.016,0.2422,True,,False,14.1,cuda:0,0.08816470205783844
valid_1154_a_2.nii.gz,meta,"[512, 512, 356]","[0.6836, 0.6836, 0.75]",RAS,"[700, 700, 267]",0.0,0.9996,"[5, 5, 4]",100,0.0,0.2315,True,,False,12.2,cuda:0,0.733248770236969
valid_516_a_1.nii.gz,meta,"[768, 768, 223]","[0.4336, 0.4336, 1.5]",RAS,"[666, 666, 334]",0.0015,0.9984,"[5, 5, 5]",125,0.032,0.2354,True,,False,14.0,cuda:0,0.513706624507904
valid_171_a_1.nii.gz,meta,"[512, 512, 202]","[0.6836, 0.6836, 1.5]",RAS,"[700, 700, 302]",0.0033,0.9988,"[5, 5, 4]",100,0.06,0.2298,True,,False,13.4,cuda:0,0.33413001894950867
valid_863_a_2.nii.gz,meta,"[1024, 1024, 266]","[0.3418, 0.3418, 1.5]",RAS,"[700, 700, 398]",0.0025,0.997,"[5, 5, 6]",150,0.1267,0.2396,True,,False,27.7,cuda:0,-0.05044933408498764
valid_680_a_1.nii.gz,meta,"[1024, 1024, 205]","[0.3818, 0.3818, 1.5]",RAS,"[782, 782, 307]",0.0016,0.9936,"[6, 6, 4]",144,0.0625,0.2311,True,,False,23.4,cuda:0,0.3266546130180359
valid_331_b_2.nii.gz,meta,"[512, 512, 469]","[0.7949, 0.7949, 0.75]",RAS,"[813, 813, 352]",0.0012,0.9987,"[6, 6, 5]",180,0.0944,0.2397,True,,False,19.0,cuda:0,0.8984537124633789
valid_1001_a_1.nii.gz,meta,"[512, 512, 213]","[0.6836, 0.6836, 1.5]",RAS,"[700, 700, 319]",0.0016,0.9993,"[5, 5, 4]",100,0.08,0.2447,True,,False,12.3,cuda:0,0.32132652401924133
valid_902_a_2.nii.gz,meta,"[512, 512, 536]","[0.8633, 0.8633, 0.75]",RAS,"[883, 883, 402]",0.0011,0.9991,"[6, 6, 6]",216,0.1296,0.2428,True,,False,32.7,cuda:0,0.9448500871658325
valid_227_a_1.nii.gz,meta,"[1024, 1024, 243]","[0.4033, 0.4033, 1.5]",RAS,"[826, 826, 364]",0.0014,0.9956,"[6, 6, 5]",180,0.0556,0.2317,True,,False,27.4,cuda:0,0.2778701186180115
valid_360_a_2.nii.gz,meta,"[512, 512, 214]","[0.6855, 0.6855, 1.5]",RAS,"[702, 702, 320]",0.0031,0.9985,"[5, 5, 5]",125,0.128,0.2477,True,,False,21.5,cuda:0,0.678259551525116
valid_898_b_2.nii.gz,meta,"[512, 512, 477]","[0.6797, 0.6797, 0.75]",RAS,"[696, 696, 358]",0.0007,0.9997,"[5, 5, 5]",125,0.152,0.2363,True,,False,18.7,cuda:0,0.6059238314628601
valid_437_a_2.nii.gz,meta,"[512, 512, 531]","[0.75, 0.75, 0.75]",RAS,"[768, 768, 398]",0.0006,0.9956,"[6, 6, 6]",216,0.2037,0.2386,True,,False,20.1,cuda:0,0.9273511171340942
valid_850_d_2.nii.gz,meta,"[512, 512, 341]","[0.7003, 0.7003, 1.0]",RAS,"[717, 717, 341]",0.0001,0.9926,"[5, 5, 5]",125,0.008,0.2384,True,,False,15.0,cuda:0,0.8844442367553711
valid_492_a_2.nii.gz,meta,"[512, 512, 316]","[0.668, 0.668, 1.0]",RAS,"[684, 684, 316]",0.0,0.9948,"[5, 5, 4]",100,0.05,0.2459,True,,False,11.9,cuda:0,0.689333438873291
valid_1184_c_1.nii.gz,meta,"[1024, 1024, 247]","[0.3418, 0.3418, 1.5]",RAS,"[700, 700, 370]",0.0013,0.9963,"[5, 5, 5]",125,0.0,0.2393,True,,False,24.7,cuda:0,0.20044457912445068
valid_796_a_2.nii.gz,meta,"[512, 512, 478]","[0.7441, 0.7441, 0.75]",RAS,"[762, 762, 359]",0.0014,0.9992,"[5, 5, 5]",125,0.08,0.2389,True,,False,17.8,cuda:0,0.7742137908935547
valid_778_b_2.nii.gz,meta,"[1024, 1024, 104]","[0.3633, 0.3633, 3.0]",RAS,"[744, 744, 310]",0.0064,0.9973,"[5, 5, 4]",100,0.0,0.2424,True,,False,15.1,cuda:0,0.31358808279037476
valid_1130_a_2.nii.gz,meta,"[512, 512, 430]","[0.6504, 0.6504, 0.75]",RAS,"[666, 666, 323]",0.0016,0.9994,"[5, 5, 5]",125,0.12,0.2394,True,,False,15.7,cuda:0,0.6165079474449158
valid_682_a_1.nii.gz,meta,"[512, 512, 318]","[0.7578, 0.7578, 1.0]",RAS,"[776, 776, 318]",0.0,0.9993,"[6, 6, 4]",144,0.0833,0.2454,True,,False,16.2,cuda:0,0.9205131530761719
valid_190_a_2.nii.gz,meta,"[1024, 1024, 118]","[0.3477, 0.3477, 3.0]",RAS,"[712, 712, 352]",0.0056,0.9961,"[5, 5, 5]",125,0.08,0.2487,True,,False,22.1,cuda:0,0.15063217282295227
valid_1182_a_2.nii.gz,meta,"[1024, 1024, 110]","[0.3086, 0.3086, 3.0]",RAS,"[632, 632, 328]",0.0061,0.9973,"[4, 4, 5]",80,0.025,0.2441,True,,False,12.1,cuda:0,0.39943474531173706
valid_58_a_1.nii.gz,meta,"[1024, 1024, 249]","[0.3584, 0.3584, 1.5]",RAS,"[734, 734, 373]",0.0013,0.9869,"[5, 5, 5]",125,0.056,0.2439,True,,False,22.3,cuda:0,0.40797799825668335
valid_748_a_1.nii.gz,meta,"[1024, 1024, 231]","[0.335, 0.335, 1.5]",RAS,"[686, 686, 346]",0.0014,0.9966,"[5, 5, 5]",125,0.008,0.2437,True,,False,26.2,cuda:0,0.5337792634963989
valid_337_a_2.nii.gz,meta,"[512, 512, 443]","[0.6836, 0.6836, 0.75]",RAS,"[700, 700, 332]",0.0008,0.9993,"[5, 5, 5]",125,0.048,0.2435,True,,False,15.3,cuda:0,0.8151172995567322
valid_994_a_2.nii.gz,meta,"[512, 512, 114]","[0.4941, 0.4941, 1.5]",RAS,"[506, 506, 170]",0.0058,1.0,"[3, 3, 2]",18,0.0,0.2829,True,,False,3.4,cuda:0,0.2689109742641449
valid_945_a_2.nii.gz,meta,"[1024, 1024, 120]","[0.3418, 0.3418, 3.0]",RAS,"[700, 700, 358]",0.0056,0.9975,"[5, 5, 5]",125,0.0,0.2514,True,,False,15.3,cuda:0,-0.1317424327135086
valid_832_a_1.nii.gz,meta,"[1024, 1024, 270]","[0.4111, 0.4111, 1.5]",RAS,"[842, 842, 404]",0.0025,0.995,"[6, 6, 6]",216,0.1204,0.2207,True,,False,29.2,cuda:0,0.7088754177093506
valid_137_a_2.nii.gz,meta,"[512, 512, 921]","[0.7461, 0.7461, 0.75]",RAS,"[764, 764, 691]",0.0004,0.9997,"[5, 5, 10]",250,0.144,0.2404,True,,False,49.0,cuda:0,0.7485498785972595
valid_967_a_1.nii.gz,meta,"[1024, 1024, 244]","[0.3779, 0.3779, 1.5]",RAS,"[774, 774, 366]",0.0,0.9876,"[6, 6, 5]",180,0.05,0.2435,True,,False,39.7,cuda:0,0.08517945557832718
valid_105_a_1.nii.gz,meta,"[1024, 1024, 255]","[0.4111, 0.4111, 1.5]",RAS,"[842, 842, 382]",0.0013,0.9726,"[6, 6, 5]",180,0.0,0.2201,True,,False,28.2,cuda:0,0.4114297330379486
valid_1104_a_1.nii.gz,meta,"[512, 512, 229]","[0.7715, 0.7715, 1.25]",RAS,"[789, 789, 286]",0.0013,0.9832,"[6, 6, 4]",144,0.1042,0.2496,True,,False,20.1,cuda:0,0.6770385503768921
valid_801_a_1.nii.gz,meta,"[1024, 1024, 204]","[0.3018, 0.3018, 1.5]",RAS,"[618, 618, 306]",0.0,0.9952,"[4, 4, 4]",64,0.0,0.2403,True,,False,14.4,cuda:0,0.33987709879875183
valid_1283_a_2.nii.gz,meta,"[512, 512, 456]","[0.752, 0.752, 0.75]",RAS,"[769, 769, 342]",0.0013,0.9985,"[6, 6, 5]",180,0.1389,0.2442,True,,False,21.4,cuda:0,0.8183012008666992
valid_503_a_1.nii.gz,meta,"[512, 512, 221]","[0.6836, 0.6836, 1.5]",RAS,"[700, 700, 331]",0.0015,0.9998,"[5, 5, 5]",125,0.032,0.2344,True,,False,15.1,cuda:0,0.49415645003318787
valid_53_b_2.nii.gz,meta,"[512, 512, 460]","[0.7539, 0.7539, 0.75]",RAS,"[771, 771, 345]",0.0013,0.9977,"[6, 6, 5]",180,0.0722,0.2331,True,,False,22.1,cuda:0,0.8255266547203064
valid_771_a_2.nii.gz,meta,"[512, 512, 357]","[0.7871, 0.7871, 1.0]",RAS,"[805, 805, 357]",0.0012,0.9864,"[6, 6, 5]",180,0.0667,0.2424,True,,False,18.4,cuda:0,0.8023826479911804
valid_925_a_2.nii.gz,meta,"[512, 512, 486]","[0.6836, 0.6836, 0.75]",RAS,"[700, 700, 365]",0.0014,0.9996,"[5, 5, 5]",125,0.16,0.2417,True,,False,14.7,cuda:0,0.9393050074577332
valid_179_a_2.nii.gz,meta,"[512, 512, 458]","[0.7578, 0.7578, 0.75]",RAS,"[775, 775, 344]",0.0015,0.9981,"[6, 6, 5]",180,0.1667,0.2419,True,,False,18.0,cuda:0,0.9427148699760437
valid_98_a_1.nii.gz,meta,"[1024, 1024, 223]","[0.3672, 0.3672, 1.5]",RAS,"[752, 752, 334]",0.0015,0.9946,"[5, 5, 5]",125,0.0,0.2422,True,,False,19.3,cuda:0,0.1566932052373886
valid_470_a_2.nii.gz,meta,"[512, 512, 293]","[0.6894, 0.6894, 1.0]",RAS,"[706, 706, 293]",0.0001,0.9945,"[5, 5, 4]",100,0.01,0.2437,True,,False,12.2,cuda:0,0.8404569029808044
valid_1094_a_1.nii.gz,meta,"[512, 512, 307]","[0.6813, 0.6813, 1.0]",RAS,"[697, 697, 307]",0.0009,0.9986,"[5, 5, 4]",100,0.01,0.2406,True,,False,13.4,cuda:0,0.7606832981109619
valid_1113_a_2.nii.gz,meta,"[512, 512, 261]","[0.7498, 0.7498, 1.25]",RAS,"[767, 767, 326]",0.001,0.9977,"[5, 5, 5]",125,0.032,0.2371,True,,False,13.8,cuda:0,0.7080832719802856
valid_291_a_1.nii.gz,meta,"[1024, 1024, 221]","[0.3984, 0.3984, 1.5]",RAS,"[816, 816, 331]",0.0015,0.9925,"[6, 6, 5]",180,0.0278,0.2382,True,,False,28.2,cuda:0,0.3240402042865753
